trading_date,ticker,open,high,low,close,adj_close,volume
2018-01-02,IBOVESPA,76403.0,77909.0,76403.0,77891.0,77891.0,2880300
2018-01-03,IBOVESPA,77889.0,78414.0,77602.0,77995.0,77995.0,3142200
2018-01-04,IBOVESPA,77998.0,79135.0,77998.0,78647.0,78647.0,3486100
2018-01-05,IBOVESPA,78644.0,79071.0,78218.0,79071.0,79071.0,2747100
2018-01-08,IBOVESPA,79070.0,79395.0,78631.0,79379.0,79379.0,2550800
2018-01-09,IBOVESPA,79379.0,79415.0,78699.0,78864.0,78864.0,3458600
2018-01-10,IBOVESPA,78864.0,78864.0,78164.0,78201.0,78201.0,2759900
2018-01-11,IBOVESPA,78201.0,79365.0,78201.0,79365.0,79365.0,3409400
2018-01-12,IBOVESPA,79365.0,79440.0,78861.0,79349.0,79349.0,3577800
2018-01-15,IBOVESPA,79349.0,79847.0,79349.0,79752.0,79752.0,1941000
2018-01-16,IBOVESPA,79751.0,80246.0,79668.0,79832.0,79832.0,2982500
2018-01-17,IBOVESPA,79832.0,81189.0,79828.0,81189.0,81189.0,3341200
2018-01-18,IBOVESPA,81185.0,81367.0,80498.0,80963.0,80963.0,3429600
2018-01-19,IBOVESPA,80965.0,81429.0,80854.0,81220.0,81220.0,3123200
2018-01-22,IBOVESPA,81220.0,81675.0,80923.0,81675.0,81675.0,2693000
2018-01-23,IBOVESPA,81676.0,81676.0,80524.0,80678.0,80678.0,3711200
2018-01-24,IBOVESPA,80679.0,83680.0,80679.0,83680.0,83680.0,5503700
2018-01-26,IBOVESPA,83680.0,85531.0,83680.0,85531.0,85531.0,5410600
2018-01-29,IBOVESPA,85531.0,85531.0,84341.0,84698.0,84698.0,3889600
2018-01-30,IBOVESPA,84697.0,84697.0,83804.0,84482.0,84482.0,3566000
2018-01-31,IBOVESPA,84485.0,86213.0,84484.0,84913.0,84913.0,4233500
2018-02-01,IBOVESPA,84913.0,86028.0,84833.0,85495.0,85495.0,4085300
2018-02-02,IBOVESPA,85495.0,85495.0,83831.0,84041.0,84041.0,3376900
2018-02-05,IBOVESPA,84040.0,84311.0,81861.0,81861.0,81861.0,3253600
2018-02-06,IBOVESPA,81857.0,84162.0,80804.0,83894.0,83894.0,5599100
2018-02-07,IBOVESPA,83894.0,84410.0,82548.0,82767.0,82767.0,3886000
2018-02-08,IBOVESPA,82773.0,83501.0,81109.0,81533.0,81533.0,4011400
2018-02-09,IBOVESPA,81532.0,81897.0,79690.0,80899.0,80899.0,4283400
2018-02-14,IBOVESPA,80901.0,83782.0,80901.0,83543.0,83543.0,3910700
2018-02-15,IBOVESPA,83551.0,84686.0,83551.0,84291.0,84291.0,3489300
2018-02-16,IBOVESPA,84291.0,84575.0,83824.0,84525.0,84525.0,3475800
2018-02-19,IBOVESPA,84525.0,84956.0,84525.0,84793.0,84793.0,2088900
2018-02-20,IBOVESPA,84792.0,86290.0,84261.0,85804.0,85804.0,4078100
2018-02-21,IBOVESPA,85804.0,87358.0,85804.0,86052.0,86052.0,4815500
2018-02-22,IBOVESPA,86050.0,87159.0,86050.0,86686.0,86686.0,3535700
2018-02-23,IBOVESPA,86690.0,87345.0,86138.0,87293.0,87293.0,4178600
2018-02-26,IBOVESPA,87296.0,88318.0,87242.0,87653.0,87653.0,4047100
2018-02-27,IBOVESPA,87649.0,87839.0,86613.0,86935.0,86935.0,3534700
2018-02-28,IBOVESPA,86939.0,87109.0,85431.0,85481.0,85481.0,5947100
2018-03-01,IBOVESPA,85337.0,86260.0,84640.0,85378.0,85378.0,4341300
2018-03-02,IBOVESPA,85378.0,85761.0,83897.0,85761.0,85761.0,3884300
2018-03-05,IBOVESPA,85292.0,86165.0,85053.0,86023.0,86023.0,3425200
2018-03-06,IBOVESPA,86023.0,86931.0,85653.0,85653.0,85653.0,3608600
2018-03-07,IBOVESPA,85653.0,85653.0,84397.0,85484.0,85484.0,3456800
2018-03-08,IBOVESPA,85510.0,85830.0,84491.0,84985.0,84985.0,3694700
2018-03-09,IBOVESPA,84987.0,86389.0,84749.0,86371.0,86371.0,3481500
2018-03-12,IBOVESPA,86386.0,87046.0,86386.0,86900.0,86900.0,2602900
2018-03-13,IBOVESPA,86902.0,87333.0,86119.0,86384.0,86384.0,2735800
2018-03-14,IBOVESPA,86383.0,86970.0,85691.0,86051.0,86051.0,2561000
2018-03-15,IBOVESPA,86051.0,86051.0,84720.0,84928.0,84928.0,3840100
2018-03-16,IBOVESPA,84928.0,85495.0,84525.0,84886.0,84886.0,5446200
2018-03-19,IBOVESPA,84886.0,84886.0,83678.0,83913.0,83913.0,3330600
2018-03-20,IBOVESPA,83919.0,84412.0,83682.0,84164.0,84164.0,2682000
2018-03-21,IBOVESPA,84166.0,85145.0,84080.0,84977.0,84977.0,3260900
2018-03-22,IBOVESPA,84984.0,85499.0,84197.0,84768.0,84768.0,3241700
2018-03-23,IBOVESPA,84766.0,85450.0,84042.0,84377.0,84377.0,3176900
2018-03-26,IBOVESPA,84377.0,85553.0,84357.0,85088.0,85088.0,2355600
2018-03-27,IBOVESPA,85103.0,85296.0,83542.0,83808.0,83808.0,2948400
2018-03-28,IBOVESPA,83806.0,83889.0,82889.0,83874.0,83874.0,2911400
2018-03-29,IBOVESPA,83874.0,85708.0,83874.0,85366.0,85366.0,3150300
2018-04-02,IBOVESPA,85365.0,85675.0,84166.0,84666.0,84666.0,2598500
2018-04-03,IBOVESPA,84669.0,85411.0,84210.0,84623.0,84623.0,2579000
2018-04-04,IBOVESPA,84610.0,84610.0,82826.0,84360.0,84360.0,2948300
2018-04-05,IBOVESPA,84374.0,86148.0,84374.0,85210.0,85210.0,4257700
2018-04-06,IBOVESPA,85210.0,85210.0,83833.0,84820.0,84820.0,3069100
2018-04-09,IBOVESPA,84832.0,85110.0,83155.0,83307.0,83307.0,3174800
2018-04-10,IBOVESPA,83312.0,84538.0,83312.0,84510.0,84510.0,3518700
2018-04-11,IBOVESPA,84494.0,85417.0,84340.0,85246.0,85246.0,3370600
2018-04-12,IBOVESPA,85246.0,85577.0,85025.0,85444.0,85444.0,2837000
2018-04-13,IBOVESPA,85441.0,85441.0,84144.0,84334.0,84334.0,3504200
2018-04-16,IBOVESPA,84328.0,84591.0,82762.0,82862.0,82862.0,2913400
2018-04-17,IBOVESPA,82862.0,84191.0,82810.0,84086.0,84086.0,2628600
2018-04-18,IBOVESPA,84090.0,86149.0,84090.0,85776.0,85776.0,4196900
2018-04-19,IBOVESPA,85775.0,86059.0,85197.0,85824.0,85824.0,3522500
2018-04-20,IBOVESPA,85823.0,85823.0,85025.0,85550.0,85550.0,2990100
2018-04-23,IBOVESPA,85520.0,85746.0,84711.0,85602.0,85602.0,2426000
2018-04-24,IBOVESPA,85603.0,86578.0,85106.0,85469.0,85469.0,2845000
2018-04-25,IBOVESPA,85466.0,85466.0,84349.0,85044.0,85044.0,3218400
2018-04-26,IBOVESPA,85051.0,86383.0,85051.0,86383.0,86383.0,3138000
2018-04-27,IBOVESPA,86383.0,87179.0,86262.0,86445.0,86445.0,0
2018-04-30,IBOVESPA,86443.0,86739.0,85979.0,86115.0,86115.0,2181000
2018-05-02,IBOVESPA,86111.0,86111.0,84383.0,84547.0,84547.0,3720600
2018-05-03,IBOVESPA,84547.0,84562.0,83178.0,83288.0,83288.0,3977800
2018-05-04,IBOVESPA,83286.0,83671.0,82746.0,83118.0,83118.0,3472900
2018-05-07,IBOVESPA,83199.0,83643.0,82602.0,82714.0,82714.0,2843000
2018-05-08,IBOVESPA,82715.0,83409.0,82201.0,82956.0,82956.0,3949500
2018-05-09,IBOVESPA,82977.0,84447.0,82855.0,84265.0,84265.0,4695400
2018-05-10,IBOVESPA,84284.0,86201.0,84284.0,85861.0,85861.0,4611100
2018-05-11,IBOVESPA,85861.0,86406.0,85183.0,85220.0,85220.0,4379700
2018-05-14,IBOVESPA,85222.0,86105.0,84688.0,85232.0,85232.0,4080700
2018-05-15,IBOVESPA,85225.0,85231.0,83830.0,85130.0,85130.0,4405100
2018-05-16,IBOVESPA,85122.0,86678.0,85044.0,86537.0,86537.0,3707000
2018-05-17,IBOVESPA,86537.0,86537.0,83377.0,83622.0,83622.0,5508600
2018-05-18,IBOVESPA,83614.0,83614.0,81391.0,83082.0,83082.0,5730200
2018-05-21,IBOVESPA,83095.0,83883.0,81576.0,81815.0,81815.0,4242200
2018-05-22,IBOVESPA,81817.0,83396.0,81613.0,82739.0,82739.0,4785500
2018-05-23,IBOVESPA,82742.0,82742.0,80867.0,80867.0,80867.0,3875500
2018-05-24,IBOVESPA,80860.0,80860.0,79027.0,80122.0,80122.0,6182200
2018-05-25,IBOVESPA,80123.0,80629.0,78622.0,78898.0,78898.0,4650100
2018-05-28,IBOVESPA,78886.0,78886.0,75337.0,75356.0,75356.0,4176200
2018-05-29,IBOVESPA,75361.0,77214.0,75361.0,76072.0,76072.0,5972300
2018-05-30,IBOVESPA,76058.0,77097.0,75515.0,76754.0,76754.0,7442100
2018-06-01,IBOVESPA,76779.0,78169.0,75524.0,77240.0,77240.0,6044400
2018-06-04,IBOVESPA,77244.0,78637.0,77244.0,78596.0,78596.0,4023100
2018-06-05,IBOVESPA,78595.0,78892.0,76412.0,76642.0,76642.0,4499800
2018-06-06,IBOVESPA,76641.0,76967.0,75518.0,76117.0,76117.0,4871700
2018-06-07,IBOVESPA,76117.0,76117.0,71162.0,73851.0,73851.0,7919200
2018-06-08,IBOVESPA,73848.0,74031.0,71679.0,72942.0,72942.0,5952400
2018-06-11,IBOVESPA,72943.0,73716.0,71843.0,72308.0,72308.0,3564300
2018-06-12,IBOVESPA,72308.0,73322.0,72124.0,72754.0,72754.0,3889600
2018-06-13,IBOVESPA,72757.0,72977.0,71035.0,72122.0,72122.0,4360200
2018-06-14,IBOVESPA,72151.0,72708.0,71344.0,71421.0,71421.0,4281600
2018-06-15,IBOVESPA,71421.0,71421.0,69583.0,70758.0,70758.0,6456800
2018-06-18,IBOVESPA,70757.0,70757.0,69360.0,69815.0,69815.0,3475200
2018-06-19,IBOVESPA,69811.0,72010.0,69069.0,71394.0,71394.0,5185300
2018-06-20,IBOVESPA,71397.0,72617.0,71155.0,72123.0,72123.0,4414600
2018-06-21,IBOVESPA,72117.0,72207.0,70019.0,70075.0,70075.0,3490800
2018-06-22,IBOVESPA,70077.0,71058.0,69907.0,70641.0,70641.0,3054700
2018-06-25,IBOVESPA,70642.0,71323.0,69779.0,70953.0,70953.0,3346300
2018-06-26,IBOVESPA,70968.0,71622.0,70203.0,71405.0,71405.0,3502300
2018-06-27,IBOVESPA,71405.0,72032.0,70134.0,70609.0,70609.0,3588900
2018-06-28,IBOVESPA,70609.0,72092.0,70439.0,71767.0,71767.0,3511400
2018-06-29,IBOVESPA,71779.0,73020.0,71779.0,72763.0,72763.0,3879400
2018-07-02,IBOVESPA,72763.0,72840.0,71935.0,72840.0,72840.0,2753900
2018-07-03,IBOVESPA,72848.0,74515.0,72848.0,73668.0,73668.0,3253800
2018-07-04,IBOVESPA,73667.0,74904.0,73450.0,74743.0,74743.0,2142100
2018-07-05,IBOVESPA,74751.0,75127.0,73756.0,74553.0,74553.0,3562800
2018-07-06,IBOVESPA,74558.0,75065.0,74048.0,75010.0,75010.0,0
2018-07-10,IBOVESPA,75015.0,75895.0,74431.0,74862.0,74862.0,3901000
2018-07-11,IBOVESPA,74862.0,75025.0,74196.0,74399.0,74399.0,3766800
2018-07-12,IBOVESPA,74403.0,75898.0,74403.0,75856.0,75856.0,3508500
2018-07-13,IBOVESPA,75856.0,76682.0,75554.0,76594.0,76594.0,0
2018-07-16,IBOVESPA,76587.0,76924.0,76129.0,76653.0,76653.0,3134700
2018-07-17,IBOVESPA,76653.0,78522.0,76482.0,78130.0,78130.0,3882900
2018-07-18,IBOVESPA,78124.0,78496.0,77164.0,77363.0,77363.0,3394300
2018-07-19,IBOVESPA,77360.0,77487.0,75890.0,77487.0,77487.0,3781100
2018-07-20,IBOVESPA,77500.0,79489.0,77500.0,78571.0,78571.0,4745200
2018-07-23,IBOVESPA,78571.0,78639.0,77871.0,77996.0,77996.0,2446800
2018-07-24,IBOVESPA,78005.0,79497.0,78005.0,79155.0,79155.0,3283200
2018-07-25,IBOVESPA,79154.0,80437.0,79154.0,80218.0,80218.0,3472700
2018-07-26,IBOVESPA,80242.0,80589.0,79081.0,79405.0,79405.0,3596500
2018-07-27,IBOVESPA,79405.0,80251.0,79405.0,79866.0,79866.0,3015600
2018-07-30,IBOVESPA,79866.0,80492.0,79699.0,80276.0,80276.0,2631400
2018-07-31,IBOVESPA,80279.0,80279.0,79016.0,79220.0,79220.0,3354500
2018-08-01,IBOVESPA,79213.0,79731.0,78769.0,79302.0,79302.0,3227100
2018-08-02,IBOVESPA,79237.0,79896.0,78573.0,79637.0,79637.0,3005500
2018-08-03,IBOVESPA,79656.0,81792.0,79656.0,81435.0,81435.0,3802600
2018-08-06,IBOVESPA,81445.0,81765.0,80965.0,81051.0,81051.0,2516600
2018-08-07,IBOVESPA,81093.0,81742.0,79923.0,80347.0,80347.0,3861200
2018-08-08,IBOVESPA,80347.0,80912.0,78966.0,79152.0,79152.0,3833800
2018-08-09,IBOVESPA,79171.0,79461.0,78156.0,78768.0,78768.0,3717400
2018-08-10,IBOVESPA,78766.0,78766.0,76043.0,76514.0,76514.0,0
2018-08-13,IBOVESPA,76513.0,77689.0,75931.0,77496.0,77496.0,3958200
2018-08-14,IBOVESPA,77499.0,78742.0,77499.0,78602.0,78602.0,3713000
2018-08-15,IBOVESPA,78614.0,78618.0,76829.0,77078.0,77078.0,4386400
2018-08-16,IBOVESPA,77085.0,77704.0,76381.0,76819.0,76819.0,3285400
2018-08-17,IBOVESPA,76817.0,76817.0,75633.0,76029.0,76029.0,3742300
2018-08-20,IBOVESPA,76029.0,76497.0,75608.0,76328.0,76328.0,3578100
2018-08-21,IBOVESPA,76327.0,76340.0,74915.0,75180.0,75180.0,4077000
2018-08-22,IBOVESPA,75171.0,76904.0,74876.0,76902.0,76902.0,3610400
2018-08-23,IBOVESPA,76898.0,77232.0,75466.0,75634.0,75634.0,3866700
2018-08-24,IBOVESPA,75647.0,76629.0,75647.0,76262.0,76262.0,3159900
2018-08-27,IBOVESPA,76264.0,78008.0,76264.0,77930.0,77930.0,2750600
2018-08-28,IBOVESPA,77928.0,78038.0,77149.0,77473.0,77473.0,2964800
2018-08-29,IBOVESPA,77472.0,78783.0,77399.0,78389.0,78389.0,3127600
2018-08-30,IBOVESPA,78389.0,78389.0,76372.0,76404.0,76404.0,3546800
2018-08-31,IBOVESPA,76386.0,77202.0,76026.0,76678.0,76678.0,4145600
2018-09-03,IBOVESPA,76675.0,76675.0,75729.0,76193.0,76193.0,1673300
2018-09-04,IBOVESPA,76192.0,76192.0,74605.0,74712.0,74712.0,3162300
2018-09-05,IBOVESPA,74712.0,75370.0,74276.0,75092.0,75092.0,2830400
2018-09-06,IBOVESPA,75098.0,76533.0,74986.0,76416.0,76416.0,3298500
2018-09-10,IBOVESPA,76416.0,77293.0,76115.0,76436.0,76436.0,3105200
2018-09-11,IBOVESPA,76437.0,76437.0,74275.0,74657.0,74657.0,0
2018-09-12,IBOVESPA,74680.0,75680.0,74499.0,75125.0,75125.0,3709100
2018-09-13,IBOVESPA,75126.0,75407.0,74501.0,74687.0,74687.0,3062100
2018-09-14,IBOVESPA,74687.0,75705.0,74445.0,75429.0,75429.0,3231700
2018-09-17,IBOVESPA,75428.0,76893.0,75227.0,76789.0,76789.0,3397600
2018-09-18,IBOVESPA,76781.0,78454.0,76677.0,78314.0,78314.0,4167000
2018-09-19,IBOVESPA,78268.0,79021.0,77624.0,78169.0,78169.0,3780800
2018-09-20,IBOVESPA,78169.0,78944.0,77820.0,78116.0,78116.0,3137600
2018-09-21,IBOVESPA,78116.0,80002.0,78116.0,79444.0,79444.0,4666800
2018-09-24,IBOVESPA,79447.0,79447.0,77857.0,77984.0,77984.0,0
2018-09-25,IBOVESPA,77980.0,78688.0,77005.0,78630.0,78630.0,3700400
2018-09-26,IBOVESPA,78634.0,79461.0,78530.0,78656.0,78656.0,3735300
2018-09-27,IBOVESPA,78676.0,80107.0,78676.0,80000.0,80000.0,4475000
2018-09-28,IBOVESPA,80000.0,80000.0,78967.0,79342.0,79342.0,4061400
2018-10-01,IBOVESPA,79350.0,79557.0,78091.0,78624.0,78624.0,3134400
2018-10-02,IBOVESPA,78625.0,81778.0,78625.0,81612.0,81612.0,5929900
2018-10-03,IBOVESPA,81624.0,85442.0,81623.0,83273.0,83273.0,7618600
2018-10-04,IBOVESPA,83275.0,83430.0,81892.0,82953.0,82953.0,4935600
2018-10-05,IBOVESPA,82972.0,83805.0,82030.0,82322.0,82322.0,5394800
2018-10-08,IBOVESPA,82324.0,87333.0,82324.0,86084.0,86084.0,9999000
2018-10-09,IBOVESPA,86053.0,86573.0,85433.0,86088.0,86088.0,6461000
2018-10-10,IBOVESPA,86084.0,86085.0,83679.0,83679.0,83679.0,0
2018-10-11,IBOVESPA,83700.0,84749.0,82607.0,82921.0,82921.0,5188700
2018-10-15,IBOVESPA,82922.0,84278.0,82922.0,83360.0,83360.0,4782900
2018-10-16,IBOVESPA,83420.0,85718.0,83420.0,85718.0,85718.0,4811300
2018-10-17,IBOVESPA,85714.0,86167.0,84944.0,85764.0,85764.0,4858600
2018-10-18,IBOVESPA,85760.0,85760.0,83846.0,83847.0,83847.0,4085300
2018-10-19,IBOVESPA,83845.0,84954.0,83667.0,84220.0,84220.0,3753500
2018-10-22,IBOVESPA,84222.0,85772.0,84222.0,85597.0,85597.0,3873700
2018-10-23,IBOVESPA,85595.0,85595.0,84032.0,85300.0,85300.0,4388100
2018-10-24,IBOVESPA,85302.0,85786.0,83035.0,83064.0,83064.0,4679200
2018-10-25,IBOVESPA,83124.0,84831.0,83124.0,84084.0,84084.0,0
2018-10-26,IBOVESPA,84084.0,85720.0,83497.0,85720.0,85720.0,6471500
2018-10-29,IBOVESPA,85728.0,88377.0,82783.0,83797.0,83797.0,7733900
2018-10-30,IBOVESPA,83802.0,86990.0,83802.0,86886.0,86886.0,6556900
2018-10-31,IBOVESPA,86889.0,88028.0,86213.0,87424.0,87424.0,5889800
2018-11-01,IBOVESPA,87428.0,89017.0,87094.0,88419.0,88419.0,5878400
2018-11-05,IBOVESPA,88418.0,89598.0,88347.0,89598.0,89598.0,4620800
2018-11-06,IBOVESPA,89587.0,89587.0,88066.0,88669.0,88669.0,0
2018-11-07,IBOVESPA,88676.0,89565.0,87541.0,87714.0,87714.0,4371300
2018-11-08,IBOVESPA,87719.0,88570.0,85620.0,85620.0,85620.0,5297700
2018-11-09,IBOVESPA,85620.0,86233.0,84030.0,85641.0,85641.0,4814400
2018-11-12,IBOVESPA,85644.0,86227.0,85009.0,85525.0,85525.0,3534000
2018-11-13,IBOVESPA,85531.0,85941.0,84071.0,84914.0,84914.0,4410700
2018-11-14,IBOVESPA,84898.0,85973.0,84267.0,85973.0,85973.0,5591600
2018-11-16,IBOVESPA,85975.0,88516.0,85975.0,88515.0,88515.0,5184200
2018-11-19,IBOVESPA,88472.0,88484.0,87047.0,87901.0,87901.0,3642100
2018-11-21,IBOVESPA,87896.0,87896.0,86254.0,87269.0,87269.0,4140600
2018-11-22,IBOVESPA,87269.0,87656.0,87222.0,87477.0,87477.0,2244500
2018-11-23,IBOVESPA,87479.0,87479.0,85763.0,86230.0,86230.0,4148700
2018-11-26,IBOVESPA,86237.0,87147.0,84905.0,85547.0,85547.0,4557300
2018-11-27,IBOVESPA,85547.0,88018.0,85377.0,87891.0,87891.0,4971300
2018-11-28,IBOVESPA,87891.0,89483.0,87153.0,89251.0,89251.0,5295600
2018-11-29,IBOVESPA,89145.0,89910.0,88475.0,89710.0,89710.0,4257400
2018-11-30,IBOVESPA,89709.0,90246.0,89258.0,89504.0,89504.0,6736700
2018-12-03,IBOVESPA,89511.0,91242.0,89429.0,89820.0,89820.0,5935600
2018-12-04,IBOVESPA,89820.0,90452.0,88041.0,88624.0,88624.0,4879700
2018-12-05,IBOVESPA,88644.0,89111.0,88449.0,89040.0,89040.0,2790000
2018-12-06,IBOVESPA,88933.0,88933.0,87025.0,88846.0,88846.0,4370100
2018-12-07,IBOVESPA,88849.0,89986.0,87907.0,88115.0,88115.0,4479100
2018-12-10,IBOVESPA,88115.0,88384.0,85915.0,85915.0,85915.0,4084400
2018-12-11,IBOVESPA,85918.0,87520.0,85583.0,86420.0,86420.0,4390100
2018-12-12,IBOVESPA,86420.0,87946.0,86420.0,86977.0,86977.0,5000500
2018-12-13,IBOVESPA,86979.0,87842.0,86856.0,87838.0,87838.0,3658600
2018-12-14,IBOVESPA,87838.0,88184.0,87106.0,87450.0,87450.0,3553300
2018-12-17,IBOVESPA,87448.0,87820.0,86328.0,86400.0,86400.0,3849300
2018-12-18,IBOVESPA,86400.0,87274.0,86400.0,86610.0,86610.0,4093500
2018-12-19,IBOVESPA,86617.0,88101.0,85674.0,85674.0,85674.0,5664200
2018-12-20,IBOVESPA,85678.0,86584.0,84756.0,85269.0,85269.0,6100500
2018-12-21,IBOVESPA,85269.0,86554.0,85134.0,85697.0,85697.0,6076200
2018-12-26,IBOVESPA,85684.0,85684.0,83892.0,85136.0,85136.0,3355100
2018-12-27,IBOVESPA,85141.0,85739.0,84876.0,85460.0,85460.0,3820900
2018-12-28,IBOVESPA,85469.0,88044.0,85469.0,87887.0,87887.0,3649100
2019-01-02,IBOVESPA,87887.0,91479.0,87536.0,91012.0,91012.0,5615400
2019-01-03,IBOVESPA,91011.0,91596.0,89922.0,91564.0,91564.0,6066200
2019-01-04,IBOVESPA,91577.0,92701.0,90824.0,91841.0,91841.0,5322100
2019-01-07,IBOVESPA,91845.0,92552.0,91288.0,91699.0,91699.0,4565000
2019-01-08,IBOVESPA,91699.0,92231.0,91064.0,92032.0,92032.0,4496500
2019-01-09,IBOVESPA,92033.0,93626.0,92028.0,93613.0,93613.0,5011400
2019-01-10,IBOVESPA,93599.0,93987.0,93050.0,93806.0,93806.0,4840600
2019-01-11,IBOVESPA,93806.0,93961.0,93359.0,93658.0,93658.0,5330500
2019-01-14,IBOVESPA,93645.0,94474.0,93335.0,94474.0,94474.0,4486900
2019-01-15,IBOVESPA,94474.0,94695.0,93402.0,94056.0,94056.0,4836400
2019-01-16,IBOVESPA,94057.0,94393.0,93687.0,94393.0,94393.0,4257400
2019-01-17,IBOVESPA,94393.0,95682.0,93950.0,95351.0,95351.0,4944200
2019-01-18,IBOVESPA,95386.0,96396.0,95386.0,96097.0,96097.0,4884000
2019-01-21,IBOVESPA,96093.0,96093.0,94863.0,96010.0,96010.0,2717600
2019-01-22,IBOVESPA,96008.0,96070.0,94662.0,95103.0,95103.0,4256000
2019-01-23,IBOVESPA,95116.0,96576.0,95116.0,96558.0,96558.0,0
2019-01-24,IBOVESPA,96558.0,97677.0,96558.0,97677.0,97677.0,5019400
2019-01-28,IBOVESPA,97674.0,97937.0,94783.0,95444.0,95444.0,7185300
2019-01-29,IBOVESPA,95508.0,96751.0,95508.0,95639.0,95639.0,5262000
2019-01-30,IBOVESPA,95643.0,97107.0,95643.0,96996.0,96996.0,6164400
2019-01-31,IBOVESPA,96996.0,98405.0,96996.0,97394.0,97394.0,5976000
2019-02-01,IBOVESPA,97395.0,98044.0,96990.0,97861.0,97861.0,4301600
2019-02-04,IBOVESPA,97861.0,98589.0,96901.0,98589.0,98589.0,4278300
2019-02-05,IBOVESPA,98587.0,98587.0,97596.0,98311.0,98311.0,4773700
2019-02-06,IBOVESPA,98308.0,98308.0,94636.0,94636.0,94636.0,5458200
2019-02-07,IBOVESPA,94654.0,95642.0,93507.0,94406.0,94406.0,5612500
2019-02-08,IBOVESPA,94401.0,95486.0,93424.0,95343.0,95343.0,5302500
2019-02-11,IBOVESPA,95351.0,95499.0,93737.0,94413.0,94413.0,3767300
2019-02-12,IBOVESPA,94420.0,96571.0,94420.0,96168.0,96168.0,4915000
2019-02-13,IBOVESPA,96169.0,96804.0,95389.0,95842.0,95842.0,5814400
2019-02-14,IBOVESPA,95843.0,98019.0,94915.0,98015.0,98015.0,5222300
2019-02-15,IBOVESPA,98015.0,98238.0,97083.0,97526.0,97526.0,4586300
2019-02-18,IBOVESPA,97527.0,97527.0,96239.0,96510.0,96510.0,2837100
2019-02-19,IBOVESPA,96513.0,98185.0,96513.0,97659.0,97659.0,4830600
2019-02-20,IBOVESPA,97661.0,98544.0,96545.0,96545.0,96545.0,5906800
2019-02-21,IBOVESPA,96546.0,97231.0,95793.0,96932.0,96932.0,5814100
2019-02-22,IBOVESPA,96929.0,97887.0,96929.0,97886.0,97886.0,4426600
2019-02-25,IBOVESPA,97881.0,98190.0,97087.0,97240.0,97240.0,4360000
2019-02-26,IBOVESPA,97242.0,97904.0,97235.0,97603.0,97603.0,3555100
2019-02-27,IBOVESPA,97603.0,97782.0,96886.0,97307.0,97307.0,3873500
2019-02-28,IBOVESPA,97307.0,97528.0,95364.0,95584.0,95584.0,5365700
2019-03-01,IBOVESPA,95584.0,96113.0,94394.0,94604.0,94604.0,4054700
2019-03-06,IBOVESPA,94604.0,94889.0,93945.0,94217.0,94217.0,2715300
2019-03-07,IBOVESPA,94216.0,94532.0,93729.0,94340.0,94340.0,4104300
2019-03-08,IBOVESPA,94340.0,95476.0,93305.0,95365.0,95365.0,4054200
2019-03-11,IBOVESPA,95384.0,98027.0,95384.0,98027.0,98027.0,4251500
2019-03-12,IBOVESPA,98038.0,98150.0,97267.0,97828.0,97828.0,3832900
2019-03-13,IBOVESPA,97831.0,99267.0,97464.0,98904.0,98904.0,4812100
2019-03-14,IBOVESPA,98905.0,99036.0,97776.0,98605.0,98605.0,3584500
2019-03-15,IBOVESPA,98605.0,99393.0,98597.0,99137.0,99137.0,5136400
2019-03-18,IBOVESPA,99141.0,100038.0,99141.0,99994.0,99994.0,4204100
2019-03-19,IBOVESPA,99991.0,100439.0,99373.0,99588.0,99588.0,5231100
2019-03-20,IBOVESPA,99588.0,99708.0,97981.0,98041.0,98041.0,4633200
2019-03-21,IBOVESPA,98041.0,98046.0,95456.0,96729.0,96729.0,5321200
2019-03-22,IBOVESPA,96725.0,96725.0,93380.0,93735.0,93735.0,6001100
2019-03-25,IBOVESPA,93735.0,94384.0,93103.0,93662.0,93662.0,4508400
2019-03-26,IBOVESPA,93668.0,95525.0,93668.0,95307.0,95307.0,4660700
2019-03-27,IBOVESPA,95297.0,95297.0,91903.0,91903.0,91903.0,5726900
2019-03-28,IBOVESPA,91901.0,94854.0,91584.0,94389.0,94389.0,5192300
2019-03-29,IBOVESPA,94402.0,95863.0,94402.0,95415.0,95415.0,4674600
2019-04-01,IBOVESPA,95423.0,96752.0,95423.0,96054.0,96054.0,3753500
2019-04-02,IBOVESPA,96062.0,96690.0,94825.0,95387.0,95387.0,3713200
2019-04-03,IBOVESPA,95392.0,96442.0,94124.0,94491.0,94491.0,4308900
2019-04-04,IBOVESPA,94503.0,96394.0,94334.0,96313.0,96313.0,4086200
2019-04-05,IBOVESPA,96319.0,97493.0,96152.0,97108.0,97108.0,3689000
2019-04-08,IBOVESPA,97110.0,97610.0,96743.0,97369.0,97369.0,3430800
2019-04-09,IBOVESPA,97366.0,97366.0,95488.0,96292.0,96292.0,3733400
2019-04-10,IBOVESPA,96292.0,96902.0,95670.0,95953.0,95953.0,4574600
2019-04-11,IBOVESPA,95954.0,95954.0,94173.0,94755.0,94755.0,3530500
2019-04-12,IBOVESPA,94747.0,94768.0,92516.0,92875.0,92875.0,6712200
2019-04-15,IBOVESPA,92875.0,93723.0,92697.0,93083.0,93083.0,4629800
2019-04-16,IBOVESPA,93082.0,95062.0,92879.0,94333.0,94333.0,4581600
2019-04-17,IBOVESPA,94337.0,95042.0,92338.0,93285.0,93285.0,6458600
2019-04-18,IBOVESPA,93285.0,95140.0,93285.0,94578.0,94578.0,4933300
2019-04-22,IBOVESPA,94578.0,95038.0,93721.0,94588.0,94588.0,3176600
2019-04-23,IBOVESPA,94590.0,96315.0,94590.0,95923.0,95923.0,4309100
2019-04-24,IBOVESPA,95923.0,95923.0,94163.0,95045.0,95045.0,4658800
2019-04-25,IBOVESPA,95027.0,96552.0,94213.0,96552.0,96552.0,4878200
2019-04-26,IBOVESPA,96552.0,96563.0,95620.0,96236.0,96236.0,3767100
2019-04-29,IBOVESPA,96254.0,97123.0,96004.0,96188.0,96188.0,3225400
2019-04-30,IBOVESPA,96191.0,96707.0,95613.0,96353.0,96353.0,4228600
2019-05-02,IBOVESPA,96339.0,96339.0,95312.0,95528.0,95528.0,3863600
2019-05-03,IBOVESPA,95521.0,96315.0,95521.0,96008.0,96008.0,4014800
2019-05-06,IBOVESPA,95992.0,95992.0,94540.0,95009.0,95009.0,3216000
2019-05-07,IBOVESPA,95009.0,95009.0,92750.0,94389.0,94389.0,4907400
2019-05-08,IBOVESPA,94389.0,96312.0,94389.0,95597.0,95597.0,4916500
2019-05-09,IBOVESPA,95597.0,95597.0,93883.0,94808.0,94808.0,4152200
2019-05-10,IBOVESPA,94809.0,94848.0,93234.0,94258.0,94258.0,4097900
2019-05-13,IBOVESPA,94252.0,94252.0,91600.0,91727.0,91727.0,4662600
2019-05-14,IBOVESPA,91736.0,92529.0,91562.0,92092.0,92092.0,4045400
2019-05-15,IBOVESPA,92088.0,92088.0,90295.0,91623.0,91623.0,4791900
2019-05-16,IBOVESPA,91622.0,91622.0,89778.0,90024.0,90024.0,5570000
2019-05-17,IBOVESPA,90023.0,91321.0,89409.0,89993.0,89993.0,5342700
2019-05-20,IBOVESPA,90006.0,92117.0,89822.0,91946.0,91946.0,4620000
2019-05-21,IBOVESPA,91946.0,94573.0,91946.0,94485.0,94485.0,5397000
2019-05-22,IBOVESPA,94485.0,95212.0,93883.0,94361.0,94361.0,4232500
2019-05-23,IBOVESPA,94360.0,94547.0,93300.0,93910.0,93910.0,3787800
2019-05-24,IBOVESPA,93912.0,94900.0,93545.0,93628.0,93628.0,3484700
2019-05-27,IBOVESPA,93626.0,95444.0,93626.0,94864.0,94864.0,2544800
2019-05-28,IBOVESPA,94863.0,96552.0,94707.0,96393.0,96393.0,6383100
2019-05-29,IBOVESPA,96389.0,96986.0,95690.0,96567.0,96567.0,4559100
2019-05-30,IBOVESPA,96566.0,97939.0,96511.0,97457.0,97457.0,4398200
2019-05-31,IBOVESPA,97420.0,97992.0,96792.0,97030.0,97030.0,5089500
2019-06-03,IBOVESPA,97036.0,97757.0,96430.0,97020.0,97020.0,4547900
2019-06-04,IBOVESPA,97020.0,97723.0,96593.0,97380.0,97380.0,4293300
2019-06-05,IBOVESPA,97381.0,97686.0,95686.0,95999.0,95999.0,3769100
2019-06-06,IBOVESPA,96002.0,97462.0,96002.0,97205.0,97205.0,4054900
2019-06-07,IBOVESPA,97205.0,98326.0,97205.0,97821.0,97821.0,3718500
2019-06-10,IBOVESPA,97828.0,97856.0,96782.0,97467.0,97467.0,3584000
2019-06-11,IBOVESPA,97467.0,98985.0,97467.0,98960.0,98960.0,4922400
2019-06-12,IBOVESPA,98960.0,99240.0,97831.0,98321.0,98321.0,4948800
2019-06-13,IBOVESPA,98321.0,99364.0,98321.0,98774.0,98774.0,5594000
2019-06-14,IBOVESPA,98776.0,98981.0,97601.0,98040.0,98040.0,9184900
2019-06-17,IBOVESPA,98038.0,98439.0,97623.0,97623.0,97623.0,3926300
2019-06-18,IBOVESPA,97633.0,99412.0,97633.0,99404.0,99404.0,4524500
2019-06-19,IBOVESPA,99403.0,100327.0,98978.0,100303.0,100303.0,4411300
2019-06-21,IBOVESPA,100305.0,102100.0,100305.0,102013.0,102013.0,5490800
2019-06-24,IBOVESPA,102018.0,102617.0,101589.0,102062.0,102062.0,3559800
2019-06-25,IBOVESPA,102061.0,102061.0,99890.0,100093.0,100093.0,4469200
2019-06-26,IBOVESPA,100095.0,101126.0,100095.0,100689.0,100689.0,5013800
2019-06-27,IBOVESPA,100689.0,101025.0,99421.0,100724.0,100724.0,4154700
2019-06-28,IBOVESPA,100726.0,101563.0,100726.0,100967.0,100967.0,4079900
2019-07-01,IBOVESPA,100973.0,102432.0,100973.0,101340.0,101340.0,411600
2019-07-02,IBOVESPA,101342.0,101565.0,100073.0,100605.0,100605.0,4951600
2019-07-03,IBOVESPA,100576.0,102177.0,100451.0,102043.0,102043.0,4801200
2019-07-04,IBOVESPA,102047.0,104022.0,102047.0,103636.0,103636.0,3978700
2019-07-05,IBOVESPA,103628.0,104176.0,102622.0,104089.0,104089.0,4208400
2019-07-08,IBOVESPA,104090.0,104679.0,103988.0,104530.0,104530.0,3500300
2019-07-10,IBOVESPA,104537.0,106650.0,104537.0,105817.0,105817.0,6815700
2019-07-11,IBOVESPA,105818.0,105886.0,104814.0,105146.0,105146.0,4845300
2019-07-12,IBOVESPA,105158.0,105731.0,103903.0,103906.0,103906.0,4748000
2019-07-15,IBOVESPA,103909.0,104578.0,103495.0,103803.0,103803.0,3995500
2019-07-16,IBOVESPA,103805.0,104440.0,103361.0,103775.0,103775.0,4475800
2019-07-17,IBOVESPA,103775.0,104453.0,103712.0,103856.0,103856.0,3818300
2019-07-18,IBOVESPA,103859.0,104773.0,103859.0,104717.0,104717.0,4410900
2019-07-19,IBOVESPA,104716.0,104723.0,103388.0,103452.0,103452.0,3484400
2019-07-22,IBOVESPA,103452.0,104278.0,103452.0,103949.0,103949.0,3464400
2019-07-23,IBOVESPA,103949.0,104430.0,103518.0,103704.0,103704.0,4050300
2019-07-24,IBOVESPA,103707.0,104570.0,103707.0,104120.0,104120.0,4872700
2019-07-25,IBOVESPA,102991.0,103464.0,102390.0,102655.0,102655.0,5804700
2019-07-26,IBOVESPA,102654.0,103209.0,102196.0,102819.0,102819.0,5141400
2019-07-29,IBOVESPA,102817.0,103483.0,102461.0,103483.0,103483.0,3559900
2019-07-30,IBOVESPA,103483.0,103555.0,102596.0,102933.0,102933.0,4060500
2019-07-31,IBOVESPA,102946.0,103129.0,100950.0,101812.0,101812.0,5072900
2019-08-01,IBOVESPA,101819.0,104056.0,101819.0,102126.0,102126.0,7129100
2019-08-02,IBOVESPA,102122.0,103180.0,101667.0,102674.0,102674.0,4923500
2019-08-05,IBOVESPA,102658.0,102658.0,99630.0,100098.0,100098.0,5000400
2019-08-06,IBOVESPA,100098.0,102178.0,100098.0,102164.0,102164.0,5074800
2019-08-07,IBOVESPA,102163.0,102784.0,100476.0,102782.0,102782.0,5570600
2019-08-08,IBOVESPA,102811.0,104282.0,102811.0,104115.0,104115.0,5538300
2019-08-09,IBOVESPA,104102.0,104848.0,103547.0,103996.0,103996.0,4549300
2019-08-12,IBOVESPA,103946.0,103946.0,101621.0,101915.0,101915.0,4509700
2019-08-13,IBOVESPA,101912.0,103778.0,101414.0,103299.0,103299.0,5198900
2019-08-14,IBOVESPA,103270.0,103270.0,99955.0,100258.0,100258.0,6485200
2019-08-15,IBOVESPA,100262.0,101014.0,98200.0,99057.0,99057.0,6585300
2019-08-16,IBOVESPA,99059.0,100567.0,99059.0,99806.0,99806.0,5483400
2019-08-19,IBOVESPA,99810.0,100948.0,98908.0,99469.0,99469.0,4924000
2019-08-20,IBOVESPA,99472.0,99665.0,98002.0,99222.0,99222.0,5235200
2019-08-21,IBOVESPA,99227.0,101240.0,99221.0,101202.0,101202.0,5969700
2019-08-22,IBOVESPA,101209.0,101469.0,100011.0,100011.0,100011.0,4495500
2019-08-23,IBOVESPA,100007.0,100025.0,97085.0,97667.0,97667.0,5668800
2019-08-26,IBOVESPA,97687.0,98436.0,95961.0,96430.0,96430.0,4136800
2019-08-27,IBOVESPA,96434.0,97951.0,95855.0,97276.0,97276.0,6581700
2019-08-28,IBOVESPA,97273.0,98346.0,96557.0,98194.0,98194.0,4350800
2019-08-29,IBOVESPA,98194.0,100684.0,98194.0,100524.0,100524.0,5163300
2019-08-30,IBOVESPA,100526.0,101551.0,100526.0,101135.0,101135.0,6109600
2019-09-02,IBOVESPA,101133.0,101611.0,100626.0,100626.0,100626.0,2685400
2019-09-03,IBOVESPA,100626.0,101417.0,99406.0,99681.0,99681.0,0
2019-09-04,IBOVESPA,99706.0,101201.0,99706.0,101201.0,101201.0,4310700
2019-09-05,IBOVESPA,101204.0,103258.0,101204.0,102243.0,102243.0,4814300
2019-09-06,IBOVESPA,102247.0,103182.0,102246.0,102935.0,102935.0,3976000
2019-09-09,IBOVESPA,102937.0,104260.0,102793.0,103181.0,103181.0,5516800
2019-09-10,IBOVESPA,103180.0,103503.0,102231.0,103032.0,103032.0,5478900
2019-09-11,IBOVESPA,103036.0,104156.0,103036.0,103446.0,103446.0,4877000
2019-09-12,IBOVESPA,104389.0,104618.0,103733.0,104371.0,104371.0,4962500
2019-09-13,IBOVESPA,104371.0,104699.0,103275.0,103501.0,103501.0,4039400
2019-09-16,IBOVESPA,103496.0,104005.0,102782.0,103680.0,103680.0,6038700
2019-09-17,IBOVESPA,103680.0,104619.0,103079.0,104617.0,104617.0,4574900
2019-09-18,IBOVESPA,104616.0,104762.0,103684.0,104532.0,104532.0,3882100
2019-09-19,IBOVESPA,104555.0,106001.0,104286.0,104339.0,104339.0,4915800
2019-09-20,IBOVESPA,104339.0,105045.0,103914.0,104817.0,104817.0,6769100
2019-09-23,IBOVESPA,104817.0,104817.0,104020.0,104638.0,104638.0,6769100
2019-09-24,IBOVESPA,104638.0,104893.0,103504.0,103876.0,103876.0,3972200
2019-09-25,IBOVESPA,103857.0,104481.0,103034.0,104481.0,104481.0,4117500
2019-09-26,IBOVESPA,104485.0,105342.0,104337.0,105319.0,105319.0,4138700
2019-09-27,IBOVESPA,105319.0,105633.0,104506.0,105078.0,105078.0,3471200
2019-09-30,IBOVESPA,105077.0,105178.0,104638.0,104745.0,104745.0,3895800
2019-10-01,IBOVESPA,104745.0,105121.0,103837.0,104053.0,104053.0,4095700
2019-10-02,IBOVESPA,104049.0,104049.0,100944.0,101031.0,101031.0,5066200
2019-10-03,IBOVESPA,101031.0,101560.0,99826.0,101516.0,101516.0,4665600
2019-10-04,IBOVESPA,101516.0,102580.0,101057.0,102551.0,102551.0,4649400
2019-10-07,IBOVESPA,102546.0,102546.0,100542.0,100573.0,100573.0,3938300
2019-10-08,IBOVESPA,100565.0,101296.0,99868.0,99981.0,99981.0,4342700
2019-10-09,IBOVESPA,100005.0,101567.0,100005.0,101249.0,101249.0,3939000
2019-10-10,IBOVESPA,101244.0,102483.0,101152.0,101817.0,101817.0,4373100
2019-10-11,IBOVESPA,101819.0,104381.0,101819.0,103832.0,103832.0,4351800
2019-10-14,IBOVESPA,103834.0,104305.0,103438.0,104302.0,104302.0,2987900
2019-10-15,IBOVESPA,104299.0,105048.0,104052.0,104490.0,104490.0,4093400
2019-10-16,IBOVESPA,104486.0,105462.0,103521.0,105423.0,105423.0,4509400
2019-10-17,IBOVESPA,105389.0,105891.0,104827.0,105016.0,105016.0,4189000
2019-10-18,IBOVESPA,105012.0,105464.0,104525.0,104729.0,104729.0,4478100
2019-10-21,IBOVESPA,104729.0,106027.0,104696.0,106022.0,106022.0,3504900
2019-10-22,IBOVESPA,107101.0,107382.0,107076.0,107381.0,107381.0,5224900
2019-10-23,IBOVESPA,107381.0,107959.0,107041.0,107544.0,107544.0,4656200
2019-10-24,IBOVESPA,107553.0,107744.0,106593.0,106986.0,106986.0,5619200
2019-10-25,IBOVESPA,106990.0,108083.0,106990.0,107364.0,107364.0,5398900
2019-10-28,IBOVESPA,107366.0,108393.0,107362.0,108187.0,108187.0,3967200
2019-10-29,IBOVESPA,108189.0,108195.0,107313.0,107556.0,107556.0,4313200
2019-10-30,IBOVESPA,107557.0,108408.0,106622.0,108408.0,108408.0,5450600
2019-10-31,IBOVESPA,108403.0,108403.0,106356.0,107220.0,107220.0,5376000
2019-11-01,IBOVESPA,107221.0,108496.0,107220.0,108196.0,108196.0,5466300
2019-11-04,IBOVESPA,108196.0,109352.0,108196.0,108601.0,108601.0,5182200
2019-11-05,IBOVESPA,108779.0,109343.0,108253.0,108451.0,108451.0,5657600
2019-11-06,IBOVESPA,108719.0,109633.0,107446.0,108336.0,108336.0,5505500
2019-11-07,IBOVESPA,108360.0,109672.0,108360.0,109581.0,109581.0,6075600
2019-11-08,IBOVESPA,109572.0,109572.0,107127.0,107629.0,107629.0,5419600
2019-11-11,IBOVESPA,107622.0,108263.0,106814.0,108215.0,108215.0,3928900
2019-11-12,IBOVESPA,108368.0,108368.0,106232.0,106785.0,106785.0,5219300
2019-11-13,IBOVESPA,106751.0,106786.0,105261.0,105914.0,105914.0,5339000
2019-11-14,IBOVESPA,106052.0,106758.0,105820.0,106557.0,106557.0,5364300
2019-11-18,IBOVESPA,106566.0,107519.0,106282.0,106347.0,106347.0,4919800
2019-11-19,IBOVESPA,106269.0,106950.0,105367.0,105618.0,105618.0,3610300
2019-11-21,IBOVESPA,105866.0,107497.0,105864.0,107497.0,107497.0,5819400
2019-11-22,IBOVESPA,107497.0,108692.0,107157.0,108692.0,108692.0,4796100
2019-11-25,IBOVESPA,108692.0,108915.0,108080.0,108424.0,108424.0,4512400
2019-11-26,IBOVESPA,108424.0,108424.0,106414.0,107059.0,107059.0,6904900
2019-11-27,IBOVESPA,107059.0,107991.0,106312.0,107708.0,107708.0,4418200
2019-11-28,IBOVESPA,107708.0,108333.0,107148.0,108290.0,108290.0,3666100
2019-11-29,IBOVESPA,108283.0,108708.0,107759.0,108233.0,108233.0,4186600
2019-12-02,IBOVESPA,108246.0,109279.0,108245.0,109061.0,109061.0,4708000
2019-12-03,IBOVESPA,108931.0,109198.0,108190.0,108956.0,108956.0,5223100
2019-12-04,IBOVESPA,108962.0,110301.0,108962.0,110301.0,110301.0,4889500
2019-12-05,IBOVESPA,110297.0,111073.0,110008.0,110622.0,110622.0,4399100
2019-12-06,IBOVESPA,110623.0,111430.0,110623.0,111126.0,111126.0,4968100
2019-12-09,IBOVESPA,111125.0,111453.0,110870.0,110977.0,110977.0,4991500
2019-12-10,IBOVESPA,110973.0,111184.0,110133.0,110672.0,110672.0,4758800
2019-12-11,IBOVESPA,110672.0,111227.0,110530.0,110964.0,110964.0,5146100
2019-12-12,IBOVESPA,110963.0,112445.0,110963.0,112200.0,112200.0,5682000
2019-12-13,IBOVESPA,112205.0,112829.0,111780.0,112565.0,112565.0,7712100
2019-12-16,IBOVESPA,112565.0,113197.0,111896.0,111896.0,111896.0,6078300
2019-12-17,IBOVESPA,111897.0,112695.0,111897.0,112616.0,112616.0,5352500
2019-12-18,IBOVESPA,112618.0,114339.0,112300.0,114315.0,114315.0,7940900
2019-12-19,IBOVESPA,114313.0,115132.0,113712.0,115131.0,115131.0,5784600
2019-12-20,IBOVESPA,115133.0,115171.0,114526.0,115121.0,115121.0,6887400
2019-12-23,IBOVESPA,115119.0,115863.0,114964.0,115863.0,115863.0,3995200
2019-12-26,IBOVESPA,115864.0,117220.0,115673.0,117203.0,117203.0,3788900
2019-12-27,IBOVESPA,117205.0,117803.0,115995.0,116534.0,116534.0,3905900
2019-12-30,IBOVESPA,116530.0,117086.0,115790.0,115964.0,115964.0,3667900
2020-01-02,IBOVESPA,115652.0,118573.0,115649.0,118573.0,118573.0,5162700
2020-01-03,IBOVESPA,118564.0,118792.0,117341.0,117707.0,117707.0,6834500
2020-01-06,IBOVESPA,117707.0,117707.0,116269.0,116878.0,116878.0,6570000
2020-01-07,IBOVESPA,116872.0,117076.0,115965.0,116662.0,116662.0,4854100
2020-01-08,IBOVESPA,116667.0,117335.0,115693.0,116247.0,116247.0,5910500
2020-01-09,IBOVESPA,116248.0,116820.0,115411.0,115947.0,115947.0,5953500
2020-01-10,IBOVESPA,115948.0,116745.0,114952.0,115503.0,115503.0,4783400
2020-01-13,IBOVESPA,115503.0,117333.0,115503.0,117325.0,117325.0,5685100
2020-01-14,IBOVESPA,117325.0,117705.0,116610.0,117632.0,117632.0,5361700
2020-01-15,IBOVESPA,117632.0,117632.0,116188.0,116414.0,116414.0,5569400
2020-01-16,IBOVESPA,116415.0,117106.0,115961.0,116704.0,116704.0,5422700
2020-01-17,IBOVESPA,116710.0,118479.0,116710.0,118478.0,118478.0,4947200
2020-01-20,IBOVESPA,118478.0,118862.0,117928.0,118862.0,118862.0,3843500
2020-01-21,IBOVESPA,118861.0,118861.0,117026.0,117026.0,117026.0,5085600
2020-01-22,IBOVESPA,117035.0,118401.0,117035.0,118391.0,118391.0,5765700
2020-01-23,IBOVESPA,118391.0,119535.0,116906.0,119528.0,119528.0,6572400
2020-01-24,IBOVESPA,119528.0,119593.0,118108.0,118376.0,118376.0,4778700
2020-01-27,IBOVESPA,118347.0,118347.0,114376.0,114482.0,114482.0,6097800
2020-01-28,IBOVESPA,114482.0,116797.0,114475.0,116479.0,116479.0,5229400
2020-01-29,IBOVESPA,116494.0,117171.0,115164.0,115385.0,115385.0,5097800
2020-01-30,IBOVESPA,115375.0,115528.0,112825.0,115528.0,115528.0,6315600
2020-01-31,IBOVESPA,115518.0,115518.0,113148.0,113761.0,113761.0,6219900
2020-02-03,IBOVESPA,113761.0,115299.0,113467.0,114629.0,114629.0,5512200
2020-02-04,IBOVESPA,114631.0,116556.0,114631.0,115557.0,115557.0,5829400
2020-02-05,IBOVESPA,115563.0,117701.0,115562.0,116028.0,116028.0,7173800
2020-02-06,IBOVESPA,116033.0,117382.0,114723.0,115190.0,115190.0,7382400
2020-02-07,IBOVESPA,115190.0,115190.0,113769.0,113770.0,113770.0,6594100
2020-02-10,IBOVESPA,113771.0,114176.0,112134.0,112570.0,112570.0,7486300
2020-02-11,IBOVESPA,112574.0,115576.0,112574.0,115371.0,115371.0,6767900
2020-02-12,IBOVESPA,115371.0,117581.0,115371.0,116674.0,116674.0,8159200
2020-02-13,IBOVESPA,116660.0,116660.0,114801.0,115662.0,115662.0,5635700
2020-02-14,IBOVESPA,115663.0,115663.0,114132.0,114381.0,114381.0,5335900
2020-02-17,IBOVESPA,114381.0,115696.0,114381.0,115309.0,115309.0,0
2020-02-18,IBOVESPA,115309.0,115309.0,113532.0,114977.0,114977.0,5548400
2020-02-19,IBOVESPA,114982.0,116545.0,114774.0,116518.0,116518.0,6334100
2020-02-20,IBOVESPA,116518.0,116552.0,114379.0,114586.0,114586.0,6793000
2020-02-21,IBOVESPA,114585.0,114585.0,112661.0,113681.0,113681.0,5896200
2020-02-26,IBOVESPA,113647.0,113647.0,105053.0,105718.0,105718.0,9369800
2020-02-27,IBOVESPA,105711.0,106656.0,102984.0,102984.0,102984.0,11237700
2020-02-28,IBOVESPA,102984.0,104172.0,99951.0,104172.0,104172.0,11228400
2020-03-02,IBOVESPA,104260.0,107220.0,103779.0,106625.0,106625.0,8858400
2020-03-03,IBOVESPA,106630.0,108804.0,104405.0,105537.0,105537.0,9385600
2020-03-04,IBOVESPA,105540.0,107809.0,105042.0,107224.0,107224.0,8410500
2020-03-05,IBOVESPA,107217.0,107217.0,100536.0,102233.0,102233.0,8598600
2020-03-06,IBOVESPA,102231.0,102231.0,96886.0,97997.0,97997.0,11864200
2020-03-09,IBOVESPA,97982.0,97982.0,85880.0,86067.0,86067.0,14645500
2020-03-10,IBOVESPA,86071.0,92230.0,86071.0,92214.0,92214.0,13531700
2020-03-11,IBOVESPA,92202.0,92202.0,80796.0,85171.0,85171.0,11786900
2020-03-12,IBOVESPA,85103.0,85103.0,68488.0,72583.0,72583.0,12008700
2020-03-13,IBOVESPA,72621.0,83758.0,72621.0,82678.0,82678.0,15766300
2020-03-16,IBOVESPA,82565.0,82565.0,70855.0,71168.0,71168.0,12847800
2020-03-17,IBOVESPA,71178.0,77255.0,70783.0,74617.0,74617.0,14945900
2020-03-18,IBOVESPA,74576.0,74576.0,63547.0,66895.0,66895.0,16751500
2020-03-19,IBOVESPA,66883.0,70071.0,61691.0,68332.0,68332.0,16144700
2020-03-20,IBOVESPA,68344.0,72247.0,66120.0,67069.0,67069.0,15152400
2020-03-23,IBOVESPA,67067.0,67604.0,62161.0,63570.0,63570.0,11962200
2020-03-24,IBOVESPA,63604.0,71535.0,63604.0,69729.0,69729.0,11679900
2020-03-25,IBOVESPA,69727.0,76714.0,69360.0,74956.0,74956.0,12951100
2020-03-26,IBOVESPA,74956.0,78846.0,74923.0,77710.0,77710.0,12758000
2020-03-27,IBOVESPA,77708.0,77708.0,73057.0,73429.0,73429.0,10301400
2020-03-30,IBOVESPA,73431.0,75430.0,73184.0,74640.0,74640.0,9032200
2020-03-31,IBOVESPA,74629.0,75511.0,72385.0,73020.0,73020.0,11141500
2020-04-01,IBOVESPA,73011.0,73011.0,69569.0,70967.0,70967.0,10093500
2020-04-02,IBOVESPA,70969.0,73861.0,70957.0,72253.0,72253.0,10540200
2020-04-03,IBOVESPA,72241.0,72241.0,67802.0,69538.0,69538.0,10411300
2020-04-06,IBOVESPA,69556.0,75260.0,69556.0,74073.0,74073.0,9685400
2020-04-07,IBOVESPA,74078.0,79855.0,74078.0,76358.0,76358.0,11286500
2020-04-08,IBOVESPA,76335.0,79058.0,76115.0,78625.0,78625.0,10206300
2020-04-09,IBOVESPA,78640.0,80428.0,77457.0,77682.0,77682.0,10748700
2020-04-13,IBOVESPA,77682.0,78836.0,76405.0,78836.0,78836.0,7651300
2020-04-14,IBOVESPA,78848.0,81668.0,78848.0,79918.0,79918.0,8593600
2020-04-15,IBOVESPA,79911.0,80035.0,77546.0,78831.0,78831.0,9758400
2020-04-16,IBOVESPA,78837.0,80167.0,77452.0,77812.0,77812.0,9028400
2020-04-17,IBOVESPA,77817.0,79846.0,77754.0,78990.0,78990.0,8317800
2020-04-20,IBOVESPA,78989.0,80106.0,76943.0,78973.0,78973.0,8874700
2020-04-22,IBOVESPA,78973.0,81184.0,78973.0,80687.0,80687.0,9848900
2020-04-23,IBOVESPA,80690.0,81934.0,78622.0,79673.0,79673.0,10823500
2020-04-24,IBOVESPA,79667.0,79667.0,72041.0,75331.0,75331.0,16529200
2020-04-27,IBOVESPA,75334.0,78563.0,75327.0,78239.0,78239.0,10656900
2020-04-28,IBOVESPA,78243.0,81427.0,78243.0,81312.0,81312.0,12939000
2020-04-29,IBOVESPA,81313.0,83598.0,81313.0,83171.0,83171.0,11719700
2020-04-30,IBOVESPA,83169.0,83169.0,80168.0,80506.0,80506.0,11804600
2020-05-04,IBOVESPA,80501.0,80502.0,77640.0,78876.0,78876.0,8594200
2020-05-05,IBOVESPA,78887.0,81066.0,78886.0,79471.0,79471.0,9154700
2020-05-06,IBOVESPA,79473.0,79996.0,78056.0,79064.0,79064.0,9775900
2020-05-07,IBOVESPA,79072.0,80061.0,78061.0,78119.0,78119.0,13808900
2020-05-08,IBOVESPA,78152.0,80557.0,78152.0,80263.0,80263.0,10734400
2020-05-11,IBOVESPA,80263.0,80723.0,78994.0,79065.0,79065.0,9781900
2020-05-12,IBOVESPA,79065.0,80344.0,77872.0,77872.0,77872.0,10245400
2020-05-13,IBOVESPA,77877.0,78911.0,77152.0,77772.0,77772.0,11575900
2020-05-14,IBOVESPA,77770.0,79011.0,75697.0,79011.0,79011.0,13818900
2020-05-15,IBOVESPA,79011.0,79538.0,77426.0,77557.0,77557.0,11718200
2020-05-18,IBOVESPA,77576.0,81420.0,77571.0,81194.0,81194.0,11533100
2020-05-19,IBOVESPA,81197.0,82175.0,80647.0,80742.0,80742.0,10740100
2020-05-20,IBOVESPA,80747.0,82290.0,80740.0,81319.0,81319.0,9522800
2020-05-21,IBOVESPA,81320.0,83309.0,81317.0,83027.0,83027.0,11395200
2020-05-22,IBOVESPA,83027.0,83027.0,81669.0,82173.0,82173.0,9281200
2020-05-25,IBOVESPA,82198.0,85876.0,82193.0,85663.0,85663.0,8764400
2020-05-26,IBOVESPA,85668.0,87333.0,85396.0,85469.0,85469.0,12030800
2020-05-27,IBOVESPA,85468.0,87946.0,85468.0,87946.0,87946.0,11212000
2020-05-28,IBOVESPA,87946.0,88091.0,86767.0,86949.0,86949.0,10117000
2020-05-29,IBOVESPA,86951.0,87410.0,85384.0,87403.0,87403.0,16550900
2020-06-01,IBOVESPA,87395.0,89019.0,86837.0,88620.0,88620.0,9849400
2020-06-02,IBOVESPA,88622.0,91046.0,88622.0,91046.0,91046.0,11827300
2020-06-03,IBOVESPA,91048.0,93710.0,91048.0,93002.0,93002.0,15137900
2020-06-04,IBOVESPA,92993.0,94132.0,92221.0,93829.0,93829.0,11488000
2020-06-05,IBOVESPA,93839.0,97356.0,93839.0,94637.0,94637.0,13320300
2020-06-08,IBOVESPA,94640.0,97693.0,94635.0,97645.0,97645.0,11096500
2020-06-09,IBOVESPA,97644.0,97644.0,95386.0,96747.0,96747.0,11278800
2020-06-10,IBOVESPA,96747.0,97646.0,94665.0,94686.0,94686.0,11739600
2020-06-12,IBOVESPA,94677.0,94703.0,90811.0,92795.0,92795.0,12785600
2020-06-15,IBOVESPA,92780.0,93112.0,90148.0,92376.0,92376.0,13317500
2020-06-16,IBOVESPA,92387.0,95216.0,92387.0,93531.0,93531.0,12034200
2020-06-17,IBOVESPA,93531.0,96611.0,93531.0,95547.0,95547.0,11134700
2020-06-18,IBOVESPA,95547.0,97110.0,94698.0,96125.0,96125.0,10008500
2020-06-19,IBOVESPA,96138.0,97540.0,95874.0,96572.0,96572.0,13134400
2020-06-22,IBOVESPA,96572.0,96870.0,94869.0,95336.0,95336.0,8264700
2020-06-23,IBOVESPA,95344.0,97486.0,95344.0,95975.0,95975.0,9752700
2020-06-24,IBOVESPA,95974.0,95974.0,93259.0,94377.0,94377.0,9962700
2020-06-25,IBOVESPA,94382.0,96260.0,94152.0,95983.0,95983.0,8697900
2020-06-26,IBOVESPA,95979.0,95979.0,93514.0,93834.0,93834.0,8439100
2020-06-29,IBOVESPA,93837.0,95735.0,93825.0,95735.0,95735.0,8906800
2020-06-30,IBOVESPA,95728.0,96257.0,94806.0,95056.0,95056.0,10144500
2020-07-01,IBOVESPA,95062.0,96852.0,95062.0,96203.0,96203.0,10163300
2020-07-02,IBOVESPA,96206.0,97864.0,96052.0,96235.0,96235.0,10062900
2020-07-03,IBOVESPA,96237.0,96765.0,95803.0,96765.0,96765.0,5351600
2020-07-06,IBOVESPA,96776.0,99257.0,96768.0,98937.0,98937.0,9489400
2020-07-07,IBOVESPA,98937.0,98938.0,97272.0,97761.0,97761.0,8951400
2020-07-08,IBOVESPA,97765.0,99973.0,97765.0,99770.0,99770.0,9142700
2020-07-09,IBOVESPA,99770.0,100191.0,98861.0,99160.0,99160.0,0
2020-07-10,IBOVESPA,99160.0,100101.0,98739.0,100032.0,100032.0,9147200
2020-07-13,IBOVESPA,100027.0,100858.0,98697.0,98697.0,98697.0,10382300
2020-07-14,IBOVESPA,98699.0,100632.0,98289.0,100440.0,100440.0,10019400
2020-07-15,IBOVESPA,100444.0,102114.0,100444.0,101791.0,101791.0,9285600
2020-07-16,IBOVESPA,101791.0,101792.0,100160.0,100553.0,100553.0,8127100
2020-07-17,IBOVESPA,100554.0,103017.0,100554.0,102888.0,102888.0,10429400
2020-07-20,IBOVESPA,102888.0,104439.0,102744.0,104426.0,104426.0,8931800
2020-07-21,IBOVESPA,104426.0,105449.0,103732.0,104310.0,104310.0,11105800
2020-07-22,IBOVESPA,104312.0,104980.0,103277.0,104290.0,104290.0,10833700
2020-07-23,IBOVESPA,104291.0,104949.0,102119.0,102293.0,102293.0,10366600
2020-07-24,IBOVESPA,102292.0,102694.0,100859.0,102382.0,102382.0,9795200
2020-07-27,IBOVESPA,102381.0,104585.0,102381.0,104477.0,104477.0,9622400
2020-07-28,IBOVESPA,104477.0,104663.0,103592.0,104109.0,104109.0,9087100
2020-07-29,IBOVESPA,104112.0,105704.0,104112.0,105605.0,105605.0,9238300
2020-07-30,IBOVESPA,105605.0,105607.0,103920.0,105009.0,105009.0,9591700
2020-07-31,IBOVESPA,105010.0,105462.0,102642.0,102912.0,102912.0,12929300
2020-08-03,IBOVESPA,102913.0,103863.0,102304.0,102830.0,102830.0,10901000
2020-08-04,IBOVESPA,102826.0,103012.0,100005.0,101216.0,101216.0,12029800
2020-08-05,IBOVESPA,101220.0,103763.0,101220.0,102802.0,102802.0,10922100
2020-08-06,IBOVESPA,102733.0,104523.0,102733.0,104126.0,104126.0,9686600
2020-08-07,IBOVESPA,104116.0,104126.0,101957.0,102776.0,102776.0,10337100
2020-08-10,IBOVESPA,102776.0,103722.0,101282.0,103444.0,103444.0,8259500
2020-08-11,IBOVESPA,103449.0,104409.0,102174.0,102174.0,102174.0,9360900
2020-08-12,IBOVESPA,102176.0,103116.0,100698.0,102118.0,102118.0,10114200
2020-08-13,IBOVESPA,102118.0,103237.0,100187.0,100461.0,100461.0,10721300
2020-08-14,IBOVESPA,100469.0,101717.0,100445.0,101353.0,101353.0,8576300
2020-08-17,IBOVESPA,101348.0,101689.0,98513.0,99595.0,99595.0,10816200
2020-08-18,IBOVESPA,99597.0,102247.0,99597.0,102065.0,102065.0,9418700
2020-08-19,IBOVESPA,102072.0,102334.0,100800.0,100854.0,100854.0,10025800
2020-08-20,IBOVESPA,100853.0,101749.0,99131.0,101468.0,101468.0,9405000
2020-08-21,IBOVESPA,101460.0,101566.0,100412.0,101521.0,101521.0,9100200
2020-08-24,IBOVESPA,101525.0,102515.0,101525.0,102298.0,102298.0,7723000
2020-08-25,IBOVESPA,102293.0,102708.0,101623.0,102118.0,102118.0,8170900
2020-08-26,IBOVESPA,102119.0,102521.0,99359.0,100627.0,100627.0,9861200
2020-08-27,IBOVESPA,100625.0,101548.0,99857.0,100624.0,100624.0,7360600
2020-08-28,IBOVESPA,100631.0,102347.0,100631.0,102143.0,102143.0,7665700
2020-08-31,IBOVESPA,102142.0,102142.0,99369.0,99369.0,99369.0,12226100
2020-09-01,IBOVESPA,99382.0,102238.0,99382.0,102168.0,102168.0,9384700
2020-09-02,IBOVESPA,102168.0,102824.0,100872.0,101911.0,101911.0,7557900
2020-09-03,IBOVESPA,101911.0,103226.0,99751.0,100721.0,100721.0,12611000
2020-09-04,IBOVESPA,100733.0,101582.0,98961.0,101242.0,101242.0,11327400
2020-09-08,IBOVESPA,101239.0,101239.0,99373.0,100050.0,100050.0,8479000
2020-09-09,IBOVESPA,100050.0,101578.0,100050.0,101292.0,101292.0,7955600
2020-09-10,IBOVESPA,101291.0,101536.0,98687.0,98835.0,98835.0,8894600
2020-09-11,IBOVESPA,98839.0,99435.0,97758.0,98363.0,98363.0,9107900
2020-09-14,IBOVESPA,98367.0,100520.0,98367.0,100275.0,100275.0,8182100
2020-09-15,IBOVESPA,100277.0,100949.0,99647.0,100298.0,100298.0,9216700
2020-09-16,IBOVESPA,100299.0,100663.0,99663.0,99676.0,99676.0,7139400
2020-09-17,IBOVESPA,99674.0,100251.0,98562.0,100098.0,100098.0,0
2020-09-18,IBOVESPA,100098.0,100102.0,98045.0,98290.0,98290.0,11370300
2020-09-21,IBOVESPA,98283.0,98283.0,95820.0,96991.0,96991.0,9738000
2020-09-22,IBOVESPA,96995.0,97684.0,96390.0,97294.0,97294.0,7281300
2020-09-23,IBOVESPA,97294.0,97389.0,95728.0,95735.0,95735.0,8830700
2020-09-24,IBOVESPA,95735.0,97955.0,95653.0,97012.0,97012.0,9331000
2020-09-25,IBOVESPA,97011.0,97012.0,95632.0,96999.0,96999.0,7351100
2020-09-28,IBOVESPA,97005.0,98314.0,94371.0,94666.0,94666.0,10508900
2020-09-29,IBOVESPA,94665.0,95505.0,93408.0,93580.0,93580.0,8737200
2020-09-30,IBOVESPA,93586.0,95340.0,93584.0,94603.0,94603.0,9454300
2020-10-01,IBOVESPA,94604.0,95486.0,93599.0,95479.0,95479.0,9243500
2020-10-02,IBOVESPA,95475.0,95996.0,93897.0,94016.0,94016.0,8584900
2020-10-05,IBOVESPA,94019.0,96414.0,93984.0,96089.0,96089.0,8616000
2020-10-06,IBOVESPA,96091.0,97405.0,95211.0,95615.0,95615.0,11299600
2020-10-07,IBOVESPA,95616.0,96380.0,94881.0,95526.0,95526.0,9829900
2020-10-08,IBOVESPA,95530.0,97938.0,95530.0,97920.0,97920.0,11163600
2020-10-09,IBOVESPA,97924.0,98642.0,97161.0,97483.0,97483.0,10810500
2020-10-13,IBOVESPA,97483.0,98998.0,97336.0,98503.0,98503.0,7867500
2020-10-14,IBOVESPA,98502.0,99571.0,98501.0,99334.0,99334.0,8891000
2020-10-15,IBOVESPA,99328.0,99486.0,97778.0,99054.0,99054.0,8335200
2020-10-16,IBOVESPA,99054.0,99172.0,98309.0,98309.0,98309.0,7840200
2020-10-19,IBOVESPA,98310.0,99917.0,98310.0,98658.0,98658.0,9929400
2020-10-20,IBOVESPA,98664.0,100722.0,98664.0,100540.0,100540.0,8796000
2020-10-21,IBOVESPA,100541.0,101586.0,100149.0,100552.0,100552.0,8661100
2020-10-22,IBOVESPA,100553.0,102020.0,100457.0,101918.0,101918.0,9556900
2020-10-23,IBOVESPA,101918.0,102218.0,101188.0,101260.0,101260.0,7561100
2020-10-26,IBOVESPA,101260.0,101784.0,99762.0,101017.0,101017.0,8070400
2020-10-27,IBOVESPA,101017.0,101660.0,99414.0,99606.0,99606.0,8672300
2020-10-28,IBOVESPA,99598.0,99598.0,95369.0,95369.0,95369.0,11051600
2020-10-29,IBOVESPA,95368.0,96688.0,93387.0,96582.0,96582.0,12704400
2020-10-30,IBOVESPA,96579.0,96579.0,93559.0,93952.0,93952.0,10643200
2020-11-03,IBOVESPA,93968.0,96250.0,93968.0,95587.0,95587.0,10191800
2020-11-04,IBOVESPA,95992.0,98296.0,95987.0,97811.0,97811.0,10704600
2020-11-05,IBOVESPA,97873.0,100922.0,97872.0,100774.0,100774.0,10455300
2020-11-06,IBOVESPA,100751.0,100928.0,99837.0,100799.0,100799.0,8382800
2020-11-09,IBOVESPA,100954.0,105147.0,100954.0,103913.0,103913.0,17410500
2020-11-10,IBOVESPA,103516.0,105758.0,103453.0,105351.0,105351.0,16665200
2020-11-11,IBOVESPA,105067.0,105462.0,104143.0,104532.0,104532.0,10841000
2020-11-12,IBOVESPA,104810.0,105019.0,102034.0,102175.0,102175.0,10860300
2020-11-13,IBOVESPA,102509.0,104707.0,102509.0,104512.0,104512.0,9772100
2020-11-16,IBOVESPA,104729.0,106518.0,104729.0,106430.0,106430.0,11724300
2020-11-17,IBOVESPA,106430.0,107810.0,105847.0,107229.0,107229.0,10311000
2020-11-18,IBOVESPA,107246.0,107467.0,106217.0,106483.0,106483.0,10337300
2020-11-19,IBOVESPA,106117.0,106973.0,105545.0,106517.0,106517.0,8555700
2020-11-23,IBOVESPA,106050.0,107495.0,106050.0,107379.0,107379.0,9686000
2020-11-24,IBOVESPA,107378.0,109956.0,107361.0,109786.0,109786.0,11934800
2020-11-25,IBOVESPA,109786.0,110596.0,109315.0,110133.0,110133.0,8564700
2020-11-26,IBOVESPA,110133.0,110245.0,109418.0,110227.0,110227.0,6166800
2020-11-27,IBOVESPA,110229.0,111603.0,110161.0,110575.0,110575.0,8790300
2020-11-30,IBOVESPA,110598.0,110934.0,108829.0,108888.0,108888.0,19300000
2020-12-01,IBOVESPA,108897.0,111840.0,108897.0,111335.0,111335.0,11324800
2020-12-02,IBOVESPA,111402.0,112315.0,110579.0,111814.0,111814.0,9814300
2020-12-03,IBOVESPA,111874.0,113377.0,111874.0,112919.0,112919.0,11474200
2020-12-04,IBOVESPA,112294.0,113864.0,112294.0,113682.0,113682.0,8892900
2020-12-07,IBOVESPA,113751.0,114531.0,112629.0,113625.0,113625.0,9633900
2020-12-08,IBOVESPA,113590.0,114381.0,112820.0,113571.0,113571.0,8810900
2020-12-09,IBOVESPA,113799.0,114020.0,112567.0,112722.0,112722.0,8431100
2020-12-10,IBOVESPA,113002.0,115262.0,112732.0,114992.0,114992.0,11803600
2020-12-11,IBOVESPA,115128.0,115527.0,113949.0,115323.0,115323.0,8372300
2020-12-14,IBOVESPA,115137.0,115740.0,114431.0,114975.0,114975.0,8190900
2020-12-15,IBOVESPA,114613.0,116390.0,114613.0,116146.0,116146.0,8195100
2020-12-16,IBOVESPA,116149.0,118178.0,115496.0,117947.0,117947.0,9808100
2020-12-17,IBOVESPA,117864.0,119027.0,117856.0,118157.0,118157.0,7701400
2020-12-18,IBOVESPA,118395.0,119370.0,117639.0,117679.0,117679.0,8636000
2020-12-21,IBOVESPA,118021.0,118021.0,114730.0,116016.0,116016.0,10347100
2020-12-22,IBOVESPA,115825.0,116903.0,115648.0,116348.0,116348.0,6947900
2020-12-23,IBOVESPA,116636.0,118311.0,116636.0,117857.0,117857.0,6483300
2020-12-28,IBOVESPA,117806.0,119213.0,117805.0,119051.0,119051.0,7171700
2020-12-29,IBOVESPA,119130.0,119861.0,118750.0,119475.0,119475.0,6769700
2020-12-30,IBOVESPA,119410.0,120150.0,118919.0,119306.0,119306.0,8235700
2021-01-04,IBOVESPA,119024.0,120354.0,118062.0,118558.0,118558.0,8741400
2021-01-05,IBOVESPA,118835.0,119790.0,116756.0,119223.0,119223.0,9257100
2021-01-06,IBOVESPA,119377.0,120924.0,118917.0,119851.0,119851.0,11638200
2021-01-07,IBOVESPA,119103.0,121983.0,119101.0,121956.0,121956.0,11774800
2021-01-08,IBOVESPA,122387.0,125324.0,122386.0,125077.0,125077.0,11085800
2021-01-11,IBOVESPA,125075.0,125075.0,122506.0,122807.0,122807.0,9537600
2021-01-12,IBOVESPA,123255.0,124584.0,123227.0,123998.0,123998.0,8949000
2021-01-13,IBOVESPA,123996.0,124032.0,121016.0,122040.0,122040.0,10291500
2021-01-14,IBOVESPA,121947.0,123896.0,121947.0,123481.0,123481.0,8974400
2021-01-15,IBOVESPA,123472.0,123472.0,120374.0,120502.0,120502.0,9387600
2021-01-18,IBOVESPA,120351.0,122586.0,120351.0,121242.0,121242.0,7223100
2021-01-19,IBOVESPA,121250.0,122120.0,119257.0,120673.0,120673.0,7886000
2021-01-20,IBOVESPA,120645.0,121449.0,118740.0,119708.0,119708.0,7947300
2021-01-21,IBOVESPA,119628.0,120243.0,117785.0,118443.0,118443.0,8573900
2021-01-22,IBOVESPA,118318.0,118318.0,116109.0,117172.0,117172.0,9373100
2021-01-26,IBOVESPA,117381.0,119167.0,116109.0,116464.0,116464.0,10681400
2021-01-27,IBOVESPA,116463.0,117840.0,114887.0,115882.0,115882.0,12380400
2021-01-28,IBOVESPA,115882.0,119314.0,115734.0,119314.0,119314.0,12065900
2021-01-29,IBOVESPA,118880.0,118880.0,115299.0,116007.0,116007.0,10965200
2021-02-01,IBOVESPA,115093.0,117862.0,115093.0,117365.0,117365.0,8716500
2021-02-02,IBOVESPA,117520.0,119805.0,117519.0,118234.0,118234.0,11625900
2021-02-03,IBOVESPA,118235.0,120210.0,118234.0,119725.0,119725.0,8704300
2021-02-04,IBOVESPA,119728.0,120560.0,118918.0,119261.0,119261.0,8100700
2021-02-05,IBOVESPA,119261.0,121117.0,119261.0,119925.0,119925.0,8208400
2021-02-08,IBOVESPA,120239.0,120844.0,119140.0,119516.0,119516.0,8619100
2021-02-09,IBOVESPA,119696.0,119975.0,118246.0,119429.0,119429.0,7913500
2021-02-10,IBOVESPA,119472.0,119738.0,117970.0,118430.0,118430.0,8644600
2021-02-11,IBOVESPA,118440.0,120283.0,118440.0,119235.0,119235.0,7567400
2021-02-12,IBOVESPA,119300.0,119763.0,118163.0,119116.0,119116.0,7655900
2021-02-17,IBOVESPA,119421.0,120573.0,118880.0,120391.0,120391.0,8326100
2021-02-18,IBOVESPA,120361.0,120845.0,118515.0,119140.0,119140.0,10720600
2021-02-19,IBOVESPA,119199.0,119250.0,117867.0,118748.0,118748.0,10402800
2021-02-22,IBOVESPA,118388.0,118388.0,111650.0,112668.0,112668.0,21768700
2021-02-23,IBOVESPA,112676.0,115380.0,112667.0,115227.0,115227.0,15174900
2021-02-24,IBOVESPA,115229.0,116208.0,114668.0,115668.0,115668.0,11399300
2021-02-25,IBOVESPA,115668.0,116506.0,111764.0,112256.0,112256.0,12466500
2021-02-26,IBOVESPA,112260.0,113466.0,109827.0,110035.0,110035.0,14618500
2021-03-01,IBOVESPA,110036.0,112445.0,110036.0,110335.0,110335.0,11239900
2021-03-02,IBOVESPA,110328.0,112428.0,107319.0,111540.0,111540.0,14823200
2021-03-03,IBOVESPA,111529.0,112398.0,107466.0,111184.0,111184.0,15144300
2021-03-04,IBOVESPA,111191.0,114433.0,111163.0,112690.0,112690.0,14221600
2021-03-05,IBOVESPA,112690.0,115504.0,112504.0,115202.0,115202.0,13254800
2021-03-08,IBOVESPA,115202.0,115202.0,110268.0,110612.0,110612.0,0
2021-03-09,IBOVESPA,110611.0,112525.0,109343.0,111331.0,111331.0,12135300
2021-03-10,IBOVESPA,111331.0,112928.0,109999.0,112776.0,112776.0,12511800
2021-03-11,IBOVESPA,112782.0,115127.0,112776.0,114984.0,114984.0,12092100
2021-03-12,IBOVESPA,114984.0,114984.0,113253.0,114160.0,114160.0,8110700
2021-03-15,IBOVESPA,114093.0,114903.0,113635.0,114851.0,114851.0,8224700
2021-03-16,IBOVESPA,114845.0,114974.0,113370.0,114019.0,114019.0,78000
2021-03-17,IBOVESPA,114018.0,116736.0,113428.0,116549.0,116549.0,94300
2021-03-18,IBOVESPA,116549.0,116751.0,114302.0,114835.0,114835.0,9920100
2021-03-19,IBOVESPA,114837.0,116446.0,114610.0,116222.0,116222.0,12341800
2021-03-22,IBOVESPA,116222.0,116225.0,113620.0,114979.0,114979.0,8160600
2021-03-23,IBOVESPA,114977.0,115599.0,113062.0,113262.0,113262.0,8301500
2021-03-24,IBOVESPA,113272.0,114823.0,112064.0,112064.0,112064.0,9834000
2021-03-25,IBOVESPA,112065.0,114024.0,110927.0,113750.0,113750.0,10306500
2021-03-26,IBOVESPA,113750.0,115416.0,113305.0,114781.0,114781.0,8659500
2021-03-29,IBOVESPA,114776.0,115553.0,114096.0,115419.0,115419.0,7463300
2021-03-30,IBOVESPA,115414.0,117090.0,114999.0,116850.0,116850.0,8141600
2021-03-31,IBOVESPA,116850.0,117249.0,115932.0,116634.0,116634.0,10659200
2021-04-01,IBOVESPA,116644.0,117088.0,114991.0,115253.0,115253.0,8009200
2021-04-05,IBOVESPA,115262.0,117668.0,115262.0,117518.0,117518.0,7245100
2021-04-06,IBOVESPA,117519.0,118213.0,117176.0,117499.0,117499.0,6800800
2021-04-07,IBOVESPA,117499.0,118303.0,116748.0,117624.0,117624.0,0
2021-04-08,IBOVESPA,117624.0,118850.0,117486.0,118313.0,118313.0,8778200
2021-04-09,IBOVESPA,118313.0,118643.0,117336.0,117670.0,117670.0,7739400
2021-04-12,IBOVESPA,117661.0,118812.0,117661.0,118812.0,118812.0,7000500
2021-04-13,IBOVESPA,118809.0,119529.0,118041.0,119297.0,119297.0,8977600
2021-04-14,IBOVESPA,119298.0,120871.0,119298.0,120295.0,120295.0,10076600
2021-04-15,IBOVESPA,120290.0,121409.0,120084.0,120701.0,120701.0,7948100
2021-04-16,IBOVESPA,120701.0,121333.0,120199.0,121114.0,121114.0,7945600
2021-04-19,IBOVESPA,121116.0,121974.0,120682.0,120934.0,120934.0,10028100
2021-04-20,IBOVESPA,120925.0,121354.0,119841.0,120062.0,120062.0,7811500
2021-04-22,IBOVESPA,120064.0,120995.0,119203.0,119371.0,119371.0,8598600
2021-04-23,IBOVESPA,119372.0,120815.0,119372.0,120530.0,120530.0,7615500
2021-04-26,IBOVESPA,120534.0,121393.0,119860.0,120595.0,120595.0,7095300
2021-04-27,IBOVESPA,120595.0,121012.0,119003.0,119388.0,119388.0,8362300
2021-04-28,IBOVESPA,119392.0,121276.0,119392.0,121053.0,121053.0,9081500
2021-04-29,IBOVESPA,121053.0,121498.0,119703.0,120066.0,120066.0,8500200
2021-04-30,IBOVESPA,120064.0,120125.0,118894.0,118894.0,118894.0,11093200
2021-05-03,IBOVESPA,118951.0,119904.0,118528.0,119209.0,119209.0,8888300
2021-05-04,IBOVESPA,119209.0,119293.0,117631.0,117712.0,117712.0,8765500
2021-05-05,IBOVESPA,117725.0,119734.0,117725.0,119564.0,119564.0,9059100
2021-05-06,IBOVESPA,119577.0,119966.0,119071.0,119921.0,119921.0,8779600
2021-05-07,IBOVESPA,119922.0,122038.0,119922.0,122038.0,122038.0,8865100
2021-05-10,IBOVESPA,122038.0,122772.0,121795.0,121909.0,121909.0,8219100
2021-05-11,IBOVESPA,121904.0,122964.0,120145.0,122964.0,122964.0,7988600
2021-05-12,IBOVESPA,122964.0,122964.0,119458.0,119710.0,119710.0,9405200
2021-05-13,IBOVESPA,119711.0,121426.0,119711.0,120706.0,120706.0,9356200
2021-05-14,IBOVESPA,120719.0,122195.0,120719.0,121881.0,121881.0,10136300
2021-05-17,IBOVESPA,121880.0,123074.0,121680.0,122938.0,122938.0,7408100
2021-05-18,IBOVESPA,122937.0,123544.0,122550.0,122980.0,122980.0,7840100
2021-05-19,IBOVESPA,122976.0,123013.0,121595.0,122636.0,122636.0,8825300
2021-05-20,IBOVESPA,122636.0,122734.0,122136.0,122701.0,122701.0,7906400
2021-05-21,IBOVESPA,122701.0,122799.0,121760.0,122592.0,122592.0,9493600
2021-05-24,IBOVESPA,122592.0,124167.0,122526.0,124032.0,124032.0,8186300
2021-05-25,IBOVESPA,124032.0,124696.0,122701.0,122988.0,122988.0,8914500
2021-05-26,IBOVESPA,122988.0,124256.0,122988.0,123989.0,123989.0,8258400
2021-05-27,IBOVESPA,123989.0,124537.0,123470.0,124367.0,124367.0,0
2021-05-28,IBOVESPA,124367.0,125698.0,124284.0,125561.0,125561.0,8838500
2021-05-31,IBOVESPA,125561.0,126216.0,125540.0,126216.0,126216.0,5946500
2021-06-01,IBOVESPA,126218.0,128363.0,126218.0,128267.0,128267.0,12496100
2021-06-02,IBOVESPA,128268.0,129601.0,128167.0,129601.0,129601.0,12781100
2021-06-04,IBOVESPA,129600.0,130137.0,129148.0,130126.0,130126.0,9814800
2021-06-07,IBOVESPA,130125.0,131190.0,129498.0,130776.0,130776.0,9655400
2021-06-08,IBOVESPA,130776.0,130776.0,129230.0,129787.0,129787.0,10346600
2021-06-09,IBOVESPA,129800.0,130882.0,129281.0,129907.0,129907.0,9833700
2021-06-10,IBOVESPA,129911.0,130527.0,129526.0,130076.0,130076.0,8537900
2021-06-11,IBOVESPA,130076.0,130294.0,128678.0,129441.0,129441.0,7748200
2021-06-14,IBOVESPA,129441.0,131084.0,129441.0,130208.0,130208.0,8155700
2021-06-15,IBOVESPA,130208.0,130436.0,129304.0,130091.0,130091.0,7211500
2021-06-16,IBOVESPA,130091.0,130283.0,128345.0,129259.0,129259.0,12879400
2021-06-17,IBOVESPA,129259.0,129919.0,127576.0,128057.0,128057.0,9664700
2021-06-18,IBOVESPA,128050.0,128796.0,127595.0,128405.0,128405.0,12432000
2021-06-21,IBOVESPA,128405.0,129412.0,128048.0,129265.0,129265.0,7333600
2021-06-22,IBOVESPA,129242.0,129259.0,127803.0,128767.0,128767.0,9328000
2021-06-23,IBOVESPA,128769.0,129901.0,128182.0,128428.0,128428.0,7988900
2021-06-24,IBOVESPA,128433.0,129541.0,128428.0,129514.0,129514.0,7237000
2021-06-25,IBOVESPA,129513.0,129748.0,126697.0,127256.0,127256.0,9363800
2021-06-28,IBOVESPA,127255.0,128067.0,126629.0,127429.0,127429.0,8155600
2021-06-29,IBOVESPA,127429.0,127507.0,126184.0,127327.0,127327.0,7777900
2021-06-30,IBOVESPA,127323.0,127323.0,126199.0,126802.0,126802.0,9098600
2021-07-01,IBOVESPA,126802.0,127204.0,124994.0,125666.0,125666.0,9292000
2021-07-02,IBOVESPA,125667.0,127672.0,125667.0,127622.0,127622.0,7434800
2021-07-05,IBOVESPA,127622.0,127633.0,126531.0,126920.0,126920.0,5255600
2021-07-06,IBOVESPA,126919.0,126919.0,124866.0,125095.0,125095.0,7651300
2021-07-07,IBOVESPA,125096.0,127249.0,125094.0,127019.0,127019.0,8151400
2021-07-08,IBOVESPA,127013.0,127013.0,124310.0,125428.0,125428.0,8881400
2021-07-12,IBOVESPA,125428.0,127782.0,125428.0,127594.0,127594.0,7421600
2021-07-13,IBOVESPA,127594.0,128420.0,126441.0,128168.0,128168.0,7152000
2021-07-14,IBOVESPA,128169.0,129620.0,128085.0,128407.0,128407.0,0
2021-07-15,IBOVESPA,128407.0,128976.0,126922.0,127468.0,127468.0,7418600
2021-07-16,IBOVESPA,127468.0,128010.0,125808.0,125960.0,125960.0,7355800
2021-07-19,IBOVESPA,125958.0,125958.0,123317.0,124395.0,124395.0,9210200
2021-07-20,IBOVESPA,124395.0,125631.0,123631.0,125401.0,125401.0,7627500
2021-07-21,IBOVESPA,125404.0,126112.0,125247.0,125929.0,125929.0,7148900
2021-07-22,IBOVESPA,125930.0,126428.0,125416.0,126147.0,126147.0,6480400
2021-07-23,IBOVESPA,126140.0,126204.0,124422.0,125053.0,125053.0,6051800
2021-07-26,IBOVESPA,125058.0,126214.0,125006.0,126004.0,126004.0,6325500
2021-07-27,IBOVESPA,126004.0,126026.0,123670.0,124612.0,124612.0,7313800
2021-07-28,IBOVESPA,124615.0,126712.0,124542.0,126286.0,126286.0,9038200
2021-07-29,IBOVESPA,126285.0,126476.0,124917.0,125675.0,125675.0,7488400
2021-07-30,IBOVESPA,125672.0,125673.0,121748.0,121801.0,121801.0,9399200
2021-08-02,IBOVESPA,121803.0,124536.0,121797.0,122516.0,122516.0,8565400
2021-08-03,IBOVESPA,122516.0,123765.0,120807.0,123577.0,123577.0,9391300
2021-08-04,IBOVESPA,123577.0,123587.0,121072.0,121801.0,121801.0,9164200
2021-08-05,IBOVESPA,121801.0,123541.0,121128.0,121633.0,121633.0,10913000
2021-08-06,IBOVESPA,121633.0,123287.0,121568.0,122810.0,122810.0,7499200
2021-08-09,IBOVESPA,122809.0,123597.0,122258.0,123019.0,123019.0,7171500
2021-08-10,IBOVESPA,123021.0,123513.0,122061.0,122202.0,122202.0,8297600
2021-08-11,IBOVESPA,122203.0,122756.0,120827.0,122056.0,122056.0,8685200
2021-08-12,IBOVESPA,122056.0,122095.0,120534.0,120701.0,120701.0,11066000
2021-08-13,IBOVESPA,120701.0,121275.0,120045.0,121194.0,121194.0,10642200
2021-08-16,IBOVESPA,121191.0,121191.0,118684.0,119180.0,119180.0,9741700
2021-08-17,IBOVESPA,119179.0,119179.0,116248.0,117904.0,117904.0,11218200
2021-08-18,IBOVESPA,117904.0,118739.0,116489.0,116643.0,116643.0,11745800
2021-08-19,IBOVESPA,116641.0,117453.0,114801.0,117165.0,117165.0,10525900
2021-08-20,IBOVESPA,117163.0,118308.0,116040.0,118053.0,118053.0,8929300
2021-08-23,IBOVESPA,118053.0,118445.0,117062.0,117472.0,117472.0,7853000
2021-08-24,IBOVESPA,117474.0,120463.0,117474.0,120211.0,120211.0,9181000
2021-08-25,IBOVESPA,120210.0,120818.0,119226.0,120818.0,120818.0,7520100
2021-08-26,IBOVESPA,120817.0,120833.0,118719.0,118724.0,118724.0,8426900
2021-08-27,IBOVESPA,118725.0,120678.0,118721.0,120678.0,120678.0,7323600
2021-08-30,IBOVESPA,120677.0,120684.0,119354.0,119740.0,119740.0,6391900
2021-08-31,IBOVESPA,119738.0,120157.0,117911.0,118781.0,118781.0,11535600
2021-09-01,IBOVESPA,118793.0,119942.0,118067.0,119396.0,119396.0,9523000
2021-09-02,IBOVESPA,119394.0,119397.0,116534.0,116677.0,116677.0,9862800
2021-09-03,IBOVESPA,116679.0,117396.0,115583.0,116933.0,116933.0,12517500
2021-09-06,IBOVESPA,116926.0,117981.0,116156.0,117869.0,117869.0,5111300
2021-09-08,IBOVESPA,117866.0,117866.0,113172.0,113413.0,113413.0,12254400
2021-09-09,IBOVESPA,113413.0,116354.0,112435.0,115361.0,115361.0,13890600
2021-09-10,IBOVESPA,115370.0,116896.0,114286.0,114286.0,114286.0,11155700
2021-09-13,IBOVESPA,114300.0,117046.0,114300.0,116404.0,116404.0,9253400
2021-09-14,IBOVESPA,116405.0,117270.0,115809.0,116181.0,116181.0,9034100
2021-09-15,IBOVESPA,116191.0,116312.0,114741.0,115063.0,115063.0,9456800
2021-09-16,IBOVESPA,115062.0,115062.0,113395.0,113794.0,113794.0,10685500
2021-09-17,IBOVESPA,113794.0,113794.0,111157.0,111439.0,111439.0,14827600
2021-09-20,IBOVESPA,111435.0,111435.0,107520.0,108844.0,108844.0,11500200
2021-09-21,IBOVESPA,108859.0,110923.0,108859.0,110250.0,110250.0,11247700
2021-09-22,IBOVESPA,110252.0,113321.0,110251.0,112282.0,112282.0,12158600
2021-09-23,IBOVESPA,112282.0,114330.0,112281.0,114064.0,114064.0,11476300
2021-09-24,IBOVESPA,114062.0,114062.0,112505.0,113283.0,113283.0,9121200
2021-09-27,IBOVESPA,113283.0,114432.0,112360.0,113583.0,113583.0,10739700
2021-09-28,IBOVESPA,113584.0,113584.0,109981.0,110124.0,110124.0,13190800
2021-09-29,IBOVESPA,110125.0,112028.0,110125.0,111107.0,111107.0,11372600
2021-09-30,IBOVESPA,111117.0,112371.0,110743.0,110979.0,110979.0,13160600
2021-10-01,IBOVESPA,110980.0,113020.0,110980.0,112900.0,112900.0,10779100
2021-10-04,IBOVESPA,112900.0,112900.0,109979.0,110393.0,110393.0,11814200
2021-10-05,IBOVESPA,110397.0,111691.0,110087.0,110458.0,110458.0,10379000
2021-10-06,IBOVESPA,110454.0,110614.0,108180.0,110560.0,110560.0,13279200
2021-10-07,IBOVESPA,110563.0,111522.0,110563.0,110585.0,110585.0,10646000
2021-10-08,IBOVESPA,110586.0,114172.0,110586.0,112833.0,112833.0,12871400
2021-10-11,IBOVESPA,112834.0,113982.0,112052.0,112180.0,112180.0,10283700
2021-10-13,IBOVESPA,112180.0,114159.0,111807.0,113456.0,113456.0,11732700
2021-10-14,IBOVESPA,113457.0,113881.0,112708.0,113185.0,113185.0,8956200
2021-10-15,IBOVESPA,113189.0,114776.0,113049.0,114648.0,114648.0,11174900
2021-10-18,IBOVESPA,114647.0,114927.0,112841.0,114428.0,114428.0,11201300
2021-10-19,IBOVESPA,114422.0,114422.0,109947.0,110673.0,110673.0,14129200
2021-10-20,IBOVESPA,110677.0,112023.0,110176.0,110786.0,110786.0,11735800
2021-10-21,IBOVESPA,110767.0,110767.0,105714.0,107735.0,107735.0,16507700
2021-10-22,IBOVESPA,107714.0,107749.0,102854.0,106296.0,106296.0,21165700
2021-10-25,IBOVESPA,106298.0,109372.0,106296.0,108715.0,108715.0,11512100
2021-10-26,IBOVESPA,108713.0,108713.0,106321.0,106420.0,106420.0,10762200
2021-10-27,IBOVESPA,106433.0,108224.0,106045.0,106363.0,106363.0,10831300
2021-10-28,IBOVESPA,106369.0,107210.0,105282.0,105705.0,105705.0,11502900
2021-10-29,IBOVESPA,105707.0,105954.0,103430.0,103501.0,103501.0,12595800
2021-11-01,IBOVESPA,103514.0,106136.0,103514.0,105551.0,105551.0,10734800
2021-11-03,IBOVESPA,105547.0,106754.0,104205.0,105617.0,105617.0,14696900
2021-11-04,IBOVESPA,105617.0,105627.0,102835.0,103412.0,103412.0,12084000
2021-11-05,IBOVESPA,103412.0,105555.0,103412.0,104824.0,104824.0,12595000
2021-11-08,IBOVESPA,104824.0,105679.0,104182.0,104781.0,104781.0,9358000
2021-11-09,IBOVESPA,104783.0,106674.0,104783.0,105535.0,105535.0,11021200
2021-11-10,IBOVESPA,105535.0,107407.0,105140.0,105968.0,105968.0,12277400
2021-11-11,IBOVESPA,105988.0,108669.0,105988.0,107725.0,107725.0,12661400
2021-11-12,IBOVESPA,107576.0,107915.0,105842.0,106312.0,106312.0,13248100
2021-11-16,IBOVESPA,106336.0,106971.0,104113.0,104508.0,104508.0,11579400
2021-11-17,IBOVESPA,104405.0,105535.0,102551.0,102945.0,102945.0,12832200
2021-11-18,IBOVESPA,102948.0,103757.0,102014.0,102524.0,102524.0,10905700
2021-11-19,IBOVESPA,102426.0,103975.0,102143.0,103035.0,103035.0,11101500
2021-11-22,IBOVESPA,103036.0,104613.0,102122.0,102122.0,102122.0,10410000
2021-11-23,IBOVESPA,102124.0,103692.0,101736.0,103663.0,103663.0,13032400
2021-11-24,IBOVESPA,103652.0,105041.0,102464.0,104514.0,104514.0,10466600
2021-11-25,IBOVESPA,104514.0,106400.0,104514.0,105811.0,105811.0,7890400
2021-11-26,IBOVESPA,105810.0,105810.0,101495.0,102224.0,102224.0,10969100
2021-11-29,IBOVESPA,102227.0,104149.0,102226.0,102814.0,102814.0,10283300
2021-11-30,IBOVESPA,102814.0,103066.0,100075.0,101915.0,101915.0,18195100
2021-12-01,IBOVESPA,101916.0,104087.0,100727.0,100775.0,100775.0,13762900
2021-12-02,IBOVESPA,100785.0,104466.0,100785.0,104466.0,104466.0,14846500
2021-12-03,IBOVESPA,104467.0,106814.0,104090.0,105070.0,105070.0,14581500
2021-12-06,IBOVESPA,105070.0,107498.0,105070.0,106859.0,106859.0,11127500
2021-12-07,IBOVESPA,106868.0,108655.0,106868.0,107558.0,107558.0,11773100
2021-12-08,IBOVESPA,107558.0,108521.0,107309.0,108096.0,108096.0,13166800
2021-12-09,IBOVESPA,106573.0,106754.0,105890.0,106291.0,106291.0,11082900
2021-12-10,IBOVESPA,106296.0,108275.0,106296.0,107758.0,107758.0,10466000
2021-12-13,IBOVESPA,107758.0,109493.0,107383.0,107383.0,107383.0,12512300
2021-12-14,IBOVESPA,107387.0,109148.0,106445.0,106760.0,106760.0,11604300
2021-12-15,IBOVESPA,106763.0,107603.0,105697.0,107370.0,107370.0,12663100
2021-12-16,IBOVESPA,107433.0,109034.0,107433.0,108212.0,108212.0,13754600
2021-12-17,IBOVESPA,108324.0,108324.0,106518.0,107201.0,107201.0,14934300
2021-12-20,IBOVESPA,107171.0,107171.0,104358.0,105020.0,105020.0,10570000
2021-12-21,IBOVESPA,105020.0,105906.0,105020.0,105500.0,105500.0,9041600
2021-12-22,IBOVESPA,105499.0,105711.0,104386.0,105244.0,105244.0,8052900
2021-12-23,IBOVESPA,105251.0,105453.0,104637.0,104891.0,104891.0,7283600
2021-12-27,IBOVESPA,104892.0,105694.0,104798.0,105531.0,105531.0,7594900
2021-12-28,IBOVESPA,105555.0,105652.0,104503.0,104864.0,104864.0,7509000
2021-12-29,IBOVESPA,104863.0,105190.0,103851.0,104107.0,104107.0,6590000
2021-12-30,IBOVESPA,104106.0,105269.0,104106.0,104822.0,104822.0,11138100
2022-01-03,IBOVESPA,104823.0,106125.0,103413.0,103922.0,103922.0,11128500
2022-01-04,IBOVESPA,103922.0,104276.0,103096.0,103514.0,103514.0,11491600
2022-01-05,IBOVESPA,103514.0,103514.0,100850.0,101006.0,101006.0,0
2022-01-06,IBOVESPA,101006.0,102235.0,101000.0,101561.0,101561.0,11749200
2022-01-07,IBOVESPA,101561.0,102719.0,101104.0,102719.0,102719.0,11733200
2022-01-10,IBOVESPA,102719.0,102719.0,101038.0,101945.0,101945.0,10264700
2022-01-11,IBOVESPA,101946.0,103780.0,101918.0,103779.0,103779.0,12421500
2022-01-12,IBOVESPA,103779.0,105869.0,103771.0,105686.0,105686.0,13026500
2022-01-13,IBOVESPA,105686.0,106251.0,104974.0,105530.0,105530.0,11712300
2022-01-14,IBOVESPA,105530.0,107062.0,105028.0,106928.0,106928.0,11457100
2022-01-17,IBOVESPA,106927.0,106928.0,106097.0,106692.0,106692.0,6924200
2022-01-18,IBOVESPA,106369.0,107013.0,105786.0,106522.0,106522.0,11221900
2022-01-19,IBOVESPA,106670.0,108602.0,106669.0,108013.0,108013.0,12595600
2022-01-20,IBOVESPA,108015.0,109873.0,108015.0,109102.0,109102.0,13630500
2022-01-21,IBOVESPA,109097.0,109786.0,108368.0,108942.0,108942.0,13408400
2022-01-24,IBOVESPA,108941.0,108948.0,106624.0,107752.0,107752.0,12700800
2022-01-25,IBOVESPA,107935.0,110115.0,107185.0,109845.0,109845.0,13713900
2022-01-26,IBOVESPA,110207.0,112695.0,110204.0,111573.0,111573.0,15513800
2022-01-27,IBOVESPA,111303.0,113057.0,111303.0,112315.0,112315.0,14812000
2022-01-28,IBOVESPA,112611.0,112969.0,111407.0,111478.0,111478.0,13520100
2022-01-31,IBOVESPA,111910.0,112495.0,111195.0,112388.0,112388.0,12190800
2022-02-01,IBOVESPA,112143.0,113302.0,112135.0,113147.0,113147.0,11133300
2022-02-02,IBOVESPA,113228.0,113666.0,111645.0,112161.0,112161.0,11751200
2022-02-03,IBOVESPA,111897.0,112502.0,111225.0,111696.0,111696.0,11039700
2022-02-04,IBOVESPA,111696.0,112415.0,110321.0,112245.0,112245.0,0
2022-02-07,IBOVESPA,112247.0,112517.0,111490.0,111996.0,111996.0,10672800
2022-02-08,IBOVESPA,111995.0,112251.0,110943.0,112234.0,112234.0,10157500
2022-02-09,IBOVESPA,112233.0,113163.0,111710.0,112461.0,112461.0,13794500
2022-02-10,IBOVESPA,112462.0,113812.0,112163.0,113359.0,113359.0,13267900
2022-02-11,IBOVESPA,113368.0,114899.0,113128.0,113572.0,113572.0,18602800
2022-02-14,IBOVESPA,113643.0,114167.0,113358.0,113807.0,113807.0,10757600
2022-02-15,IBOVESPA,113905.0,114819.0,113882.0,114660.0,114660.0,11649600
2022-02-16,IBOVESPA,114830.0,115734.0,114816.0,115181.0,115181.0,12052100
2022-02-17,IBOVESPA,115181.0,115214.0,113389.0,113528.0,113528.0,10807500
2022-02-18,IBOVESPA,113534.0,114213.0,112701.0,112768.0,112768.0,11300700
2022-02-21,IBOVESPA,112880.0,113405.0,111608.0,111725.0,111725.0,7864900
2022-02-22,IBOVESPA,111727.0,113315.0,111727.0,112892.0,112892.0,12707000
2022-02-23,IBOVESPA,112892.0,113721.0,111748.0,112008.0,112008.0,12120600
2022-02-24,IBOVESPA,112001.0,112001.0,109125.0,111592.0,111592.0,16794700
2022-02-25,IBOVESPA,111591.0,113142.0,110673.0,113142.0,113142.0,17555700
2022-03-02,IBOVESPA,113143.0,115429.0,113143.0,115174.0,115174.0,0
2022-03-03,IBOVESPA,115173.0,115948.0,115010.0,115166.0,115166.0,12123000
2022-03-04,IBOVESPA,115166.0,115166.0,113389.0,114474.0,114474.0,10715700
2022-03-07,IBOVESPA,114469.0,114529.0,111140.0,111593.0,111593.0,14057700
2022-03-08,IBOVESPA,111594.0,112390.0,110969.0,111203.0,111203.0,15698500
2022-03-09,IBOVESPA,111210.0,114051.0,111207.0,113900.0,113900.0,14705400
2022-03-10,IBOVESPA,113900.0,113939.0,111889.0,113663.0,113663.0,12984000
2022-03-11,IBOVESPA,113664.0,114627.0,111332.0,111713.0,111713.0,12475800
2022-03-14,IBOVESPA,111716.0,112299.0,109717.0,109928.0,109928.0,10480900
2022-03-15,IBOVESPA,109925.0,109925.0,107781.0,108959.0,108959.0,13653800
2022-03-16,IBOVESPA,108958.0,111183.0,108958.0,111112.0,111112.0,13205200
2022-03-17,IBOVESPA,111113.0,113088.0,111070.0,113076.0,113076.0,14407500
2022-03-18,IBOVESPA,113076.0,115311.0,112475.0,115311.0,115311.0,19552500
2022-03-21,IBOVESPA,115307.0,116360.0,115208.0,116155.0,116155.0,10378700
2022-03-22,IBOVESPA,116157.0,117541.0,116157.0,117272.0,117272.0,11382700
2022-03-23,IBOVESPA,117270.0,118270.0,117036.0,117457.0,117457.0,11083700
2022-03-24,IBOVESPA,117460.0,119256.0,117151.0,119053.0,119053.0,13474400
2022-03-25,IBOVESPA,119062.0,119729.0,118548.0,119081.0,119081.0,13814500
2022-03-28,IBOVESPA,119082.0,119444.0,118061.0,118738.0,118738.0,9167700
2022-03-29,IBOVESPA,118740.0,120900.0,118740.0,120014.0,120014.0,12931900
2022-03-30,IBOVESPA,120013.0,120531.0,119775.0,120260.0,120260.0,10893300
2022-03-31,IBOVESPA,120261.0,120880.0,119999.0,119999.0,119999.0,11202100
2022-04-01,IBOVESPA,120001.0,121579.0,120001.0,121570.0,121570.0,13780900
2022-04-04,IBOVESPA,121569.0,121570.0,120754.0,121280.0,121280.0,8812500
2022-04-05,IBOVESPA,121279.0,121628.0,118794.0,118885.0,118885.0,11788300
2022-04-06,IBOVESPA,118885.0,118885.0,116791.0,118228.0,118228.0,13410800
2022-04-07,IBOVESPA,118226.0,119247.0,117509.0,118862.0,118862.0,11520100
2022-04-08,IBOVESPA,118861.0,118868.0,117487.0,118322.0,118322.0,11225800
2022-04-11,IBOVESPA,118320.0,118320.0,116953.0,116953.0,116953.0,9558400
2022-04-12,IBOVESPA,116963.0,118615.0,116054.0,116147.0,116147.0,11406800
2022-04-13,IBOVESPA,116150.0,117329.0,116150.0,116782.0,116782.0,12070500
2022-04-14,IBOVESPA,116781.0,116781.0,115624.0,116182.0,116182.0,10365400
2022-04-18,IBOVESPA,116182.0,116191.0,115177.0,115687.0,115687.0,8404900
2022-04-19,IBOVESPA,115687.0,115687.0,114277.0,115057.0,115057.0,0
2022-04-20,IBOVESPA,115057.0,115057.0,113945.0,114344.0,114344.0,10747700
2022-04-22,IBOVESPA,114343.0,114343.0,110591.0,111078.0,111078.0,10877300
2022-04-25,IBOVESPA,111077.0,111155.0,109222.0,110685.0,110685.0,11098300
2022-04-26,IBOVESPA,110684.0,110685.0,107978.0,108213.0,108213.0,11747500
2022-04-27,IBOVESPA,108214.0,110107.0,108214.0,109349.0,109349.0,11515700
2022-04-28,IBOVESPA,109349.0,110702.0,108905.0,109919.0,109919.0,11129900
2022-04-29,IBOVESPA,109922.0,111819.0,107876.0,107876.0,107876.0,13662200
2022-05-02,IBOVESPA,107876.0,107884.0,105218.0,106639.0,106639.0,11935100
2022-05-03,IBOVESPA,106640.0,107127.0,106033.0,106528.0,106528.0,9935500
2022-05-04,IBOVESPA,106529.0,108382.0,104933.0,108344.0,108344.0,14558600
2022-05-05,IBOVESPA,108337.0,108337.0,103923.0,105304.0,105304.0,13826200
2022-05-06,IBOVESPA,105303.0,106268.0,103984.0,105135.0,105135.0,14137700
2022-05-09,IBOVESPA,105109.0,105109.0,102768.0,103250.0,103250.0,13196700
2022-05-10,IBOVESPA,103251.0,104286.0,102386.0,103110.0,103110.0,13507400
2022-05-11,IBOVESPA,103110.0,105374.0,103008.0,104397.0,104397.0,13425100
2022-05-12,IBOVESPA,104395.0,105708.0,103579.0,105688.0,105688.0,13995600
2022-05-13,IBOVESPA,105691.0,107773.0,105691.0,106924.0,106924.0,12369300
2022-05-16,IBOVESPA,108685.0,108685.0,108199.0,108233.0,108233.0,10596900
2022-05-17,IBOVESPA,108246.0,109774.0,108245.0,108789.0,108789.0,16503400
2022-05-18,IBOVESPA,107903.0,108096.0,106038.0,106247.0,106247.0,14752800
2022-05-19,IBOVESPA,106249.0,107420.0,105760.0,107005.0,107005.0,11426400
2022-05-20,IBOVESPA,108520.0,108795.0,107351.0,108488.0,108488.0,12866400
2022-05-23,IBOVESPA,108500.0,110680.0,108500.0,110346.0,110346.0,10682700
2022-05-24,IBOVESPA,110340.0,110635.0,108399.0,110581.0,110581.0,11724400
2022-05-25,IBOVESPA,110085.0,111006.0,109699.0,110580.0,110580.0,10737700
2022-05-26,IBOVESPA,110577.0,112102.0,110388.0,111890.0,111890.0,13077400
2022-05-27,IBOVESPA,111890.0,112441.0,111558.0,111942.0,111942.0,9979300
2022-05-30,IBOVESPA,111944.0,112690.0,110655.0,111032.0,111032.0,7284500
2022-05-31,IBOVESPA,111036.0,111903.0,110685.0,111351.0,111351.0,15809400
2022-06-01,IBOVESPA,111351.0,111931.0,110822.0,111360.0,111360.0,9790200
2022-06-02,IBOVESPA,111363.0,112709.0,111218.0,112393.0,112393.0,10051100
2022-06-03,IBOVESPA,112392.0,112392.0,110935.0,111102.0,111102.0,8757500
2022-06-06,IBOVESPA,111102.0,111935.0,110015.0,110186.0,110186.0,8212400
2022-06-07,IBOVESPA,110185.0,110435.0,109394.0,110070.0,110070.0,9466200
2022-06-08,IBOVESPA,110067.0,110142.0,108045.0,108368.0,108368.0,10379900
2022-06-09,IBOVESPA,108367.0,108510.0,107068.0,107094.0,107094.0,11955500
2022-06-10,IBOVESPA,107091.0,107092.0,104648.0,105481.0,105481.0,12840500
2022-06-13,IBOVESPA,105476.0,105478.0,101700.0,102598.0,102598.0,13837900
2022-06-14,IBOVESPA,102598.0,103328.0,101325.0,102063.0,102063.0,11563200
2022-06-15,IBOVESPA,102068.0,103952.0,102046.0,102807.0,102807.0,16023500
2022-06-17,IBOVESPA,102800.0,102801.0,98402.0,99825.0,99825.0,18927300
2022-06-20,IBOVESPA,99824.0,100481.0,98409.0,99853.0,99853.0,10900800
2022-06-21,IBOVESPA,99854.0,101069.0,99167.0,99685.0,99685.0,11072300
2022-06-22,IBOVESPA,99678.0,100374.0,98050.0,99522.0,99522.0,11675100
2022-06-23,IBOVESPA,99523.0,100232.0,97775.0,98080.0,98080.0,12397700
2022-06-24,IBOVESPA,98081.0,99313.0,98031.0,98672.0,98672.0,10345200
2022-06-27,IBOVESPA,98673.0,101106.0,98672.0,100764.0,100764.0,9895900
2022-06-28,IBOVESPA,100766.0,102237.0,99956.0,100591.0,100591.0,10493900
2022-06-29,IBOVESPA,100592.0,101313.0,99218.0,99622.0,99622.0,10448100
2022-06-30,IBOVESPA,99619.0,99619.0,97758.0,98542.0,98542.0,14588800
2022-07-01,IBOVESPA,98542.0,99340.0,97231.0,98954.0,98954.0,11609800
2022-07-04,IBOVESPA,98952.0,99353.0,98264.0,98609.0,98609.0,6279300
2022-07-05,IBOVESPA,98608.0,98608.0,96499.0,98295.0,98295.0,13358800
2022-07-06,IBOVESPA,98294.0,99141.0,97423.0,98719.0,98719.0,13348200
2022-07-07,IBOVESPA,98722.0,101420.0,98722.0,100730.0,100730.0,12696300
2022-07-08,IBOVESPA,100732.0,101577.0,99958.0,100289.0,100289.0,9730400
2022-07-11,IBOVESPA,100282.0,100282.0,97854.0,98212.0,98212.0,8893400
2022-07-12,IBOVESPA,98212.0,98737.0,97253.0,98271.0,98271.0,12566300
2022-07-13,IBOVESPA,98258.0,98928.0,97403.0,97881.0,97881.0,12208100
2022-07-14,IBOVESPA,97879.0,97879.0,95431.0,96121.0,96121.0,12579000
2022-07-15,IBOVESPA,96119.0,96971.0,95267.0,96551.0,96551.0,11347600
2022-07-18,IBOVESPA,96553.0,98291.0,96553.0,96916.0,96916.0,10738200
2022-07-19,IBOVESPA,96920.0,98346.0,96917.0,98245.0,98245.0,10295900
2022-07-20,IBOVESPA,98244.0,98366.0,97277.0,98287.0,98287.0,12941700
2022-07-21,IBOVESPA,98286.0,99057.0,97088.0,99033.0,99033.0,10060000
2022-07-22,IBOVESPA,99034.0,99724.0,98321.0,98925.0,98925.0,10033500
2022-07-25,IBOVESPA,98926.0,100508.0,98925.0,100270.0,100270.0,8621800
2022-07-26,IBOVESPA,100270.0,100753.0,99365.0,99772.0,99772.0,9136600
2022-07-27,IBOVESPA,99773.0,101471.0,99772.0,101438.0,101438.0,10263100
2022-07-28,IBOVESPA,101437.0,102686.0,101045.0,102597.0,102597.0,11130000
2022-07-29,IBOVESPA,102597.0,103989.0,102514.0,103165.0,103165.0,12934200
2022-08-01,IBOVESPA,103165.0,103317.0,101764.0,102225.0,102225.0,11626700
2022-08-02,IBOVESPA,102225.0,103660.0,101694.0,103362.0,103362.0,10124500
2022-08-03,IBOVESPA,103362.0,103878.0,102822.0,103775.0,103775.0,12379600
2022-08-04,IBOVESPA,103777.0,106162.0,103777.0,105892.0,105892.0,15499000
2022-08-05,IBOVESPA,105893.0,107176.0,105518.0,106472.0,106472.0,12947500
2022-08-08,IBOVESPA,106473.0,108489.0,106473.0,108402.0,108402.0,12674600
2022-08-09,IBOVESPA,108403.0,109331.0,107842.0,108651.0,108651.0,12147900
2022-08-10,IBOVESPA,108658.0,110362.0,108657.0,110236.0,110236.0,13376200
2022-08-11,IBOVESPA,110236.0,111310.0,109604.0,109718.0,109718.0,14944800
2022-08-12,IBOVESPA,109718.0,112764.0,109718.0,112764.0,112764.0,18704900
2022-08-15,IBOVESPA,112767.0,113214.0,111067.0,113032.0,113032.0,15552900
2022-08-16,IBOVESPA,113034.0,113626.0,112690.0,113512.0,113512.0,12986400
2022-08-17,IBOVESPA,113508.0,114146.0,112483.0,113708.0,113708.0,14652800
2022-08-18,IBOVESPA,113708.0,114375.0,113304.0,113813.0,113813.0,10644200
2022-08-19,IBOVESPA,113807.0,113807.0,111146.0,111496.0,111496.0,12678600
2022-08-22,IBOVESPA,111487.0,111487.0,109858.0,110501.0,110501.0,11010900
2022-08-23,IBOVESPA,110504.0,112965.0,110503.0,112857.0,112857.0,11892000
2022-08-24,IBOVESPA,112856.0,113888.0,112632.0,112898.0,112898.0,13758600
2022-08-25,IBOVESPA,112898.0,114156.0,112768.0,113532.0,113532.0,11838500
2022-08-26,IBOVESPA,113533.0,114091.0,111978.0,112299.0,112299.0,11159700
2022-08-29,IBOVESPA,112296.0,113222.0,111689.0,112323.0,112323.0,9795800
2022-08-30,IBOVESPA,112323.0,112869.0,110103.0,110431.0,110431.0,11937900
2022-08-31,IBOVESPA,110431.0,111364.0,109523.0,109523.0,109523.0,14791100
2022-09-01,IBOVESPA,109524.0,110405.0,108217.0,110405.0,110405.0,14478000
2022-09-02,IBOVESPA,110409.0,112264.0,110409.0,110864.0,110864.0,16691800
2022-09-05,IBOVESPA,110868.0,112671.0,110865.0,112203.0,112203.0,9515500
2022-09-06,IBOVESPA,112203.0,112203.0,109348.0,109764.0,109764.0,14296100
2022-09-08,IBOVESPA,109771.0,110768.0,108619.0,109916.0,109916.0,13759500
2022-09-09,IBOVESPA,109922.0,112540.0,109922.0,112300.0,112300.0,12155200
2022-09-12,IBOVESPA,112307.0,114160.0,112305.0,113407.0,113407.0,11707100
2022-09-13,IBOVESPA,113398.0,113400.0,110522.0,110794.0,110794.0,12612500
2022-09-14,IBOVESPA,110794.0,111504.0,110118.0,110547.0,110547.0,11630900
2022-09-15,IBOVESPA,110547.0,111100.0,109524.0,109954.0,109954.0,11622500
2022-09-16,IBOVESPA,109951.0,109952.0,108489.0,109280.0,109280.0,18843300
2022-09-19,IBOVESPA,109283.0,111976.0,108508.0,111824.0,111824.0,12594800
2022-09-20,IBOVESPA,111824.0,112544.0,111393.0,112517.0,112517.0,12570300
2022-09-21,IBOVESPA,112517.0,113294.0,111380.0,111936.0,111936.0,14726800
2022-09-22,IBOVESPA,111942.0,114392.0,111819.0,114070.0,114070.0,15684400
2022-09-23,IBOVESPA,112258.0,112457.0,110732.0,111716.0,111716.0,13542300
2022-09-26,IBOVESPA,111713.0,111713.0,109022.0,109114.0,109114.0,13127000
2022-09-27,IBOVESPA,109122.0,110161.0,108120.0,108376.0,108376.0,14517500
2022-09-28,IBOVESPA,108377.0,108970.0,107914.0,108451.0,108451.0,13540500
2022-09-29,IBOVESPA,108449.0,108449.0,106244.0,107664.0,107664.0,14588500
2022-09-30,IBOVESPA,107664.0,110502.0,107315.0,110037.0,110037.0,16536300
2022-10-03,IBOVESPA,110048.0,116134.0,110048.0,116134.0,116134.0,20982900
2022-10-04,IBOVESPA,116704.0,118280.0,115837.0,116230.0,116230.0,16078700
2022-10-05,IBOVESPA,116231.0,117514.0,115906.0,117198.0,117198.0,13555200
2022-10-06,IBOVESPA,117200.0,118382.0,117144.0,117561.0,117561.0,14520500
2022-10-07,IBOVESPA,117560.0,117960.0,115924.0,116375.0,116375.0,13616500
2022-10-10,IBOVESPA,116377.0,116841.0,115261.0,115941.0,115941.0,11429900
2022-10-11,IBOVESPA,115928.0,115928.0,114297.0,114827.0,114827.0,13137900
2022-10-13,IBOVESPA,114819.0,115367.0,112690.0,114300.0,114300.0,14583700
2022-10-14,IBOVESPA,114301.0,114712.0,111631.0,112072.0,112072.0,13096100
2022-10-17,IBOVESPA,112107.0,114406.0,112090.0,113624.0,113624.0,11633000
2022-10-18,IBOVESPA,113627.0,115795.0,113627.0,115743.0,115743.0,14744200
2022-10-19,IBOVESPA,115744.0,116459.0,115264.0,116274.0,116274.0,12729900
2022-10-20,IBOVESPA,116276.0,117367.0,116276.0,117171.0,117171.0,16915800
2022-10-21,IBOVESPA,117170.0,120752.0,116736.0,119929.0,119929.0,18579800
2022-10-24,IBOVESPA,119922.0,119924.0,115793.0,116013.0,116013.0,13278800
2022-10-25,IBOVESPA,116016.0,116203.0,114626.0,114626.0,114626.0,14727200
2022-10-26,IBOVESPA,114626.0,114626.0,112577.0,112764.0,112764.0,16088200
2022-10-27,IBOVESPA,112766.0,116236.0,112765.0,114641.0,114641.0,15530800
2022-10-28,IBOVESPA,114636.0,114712.0,113336.0,114539.0,114539.0,14392400
2022-10-31,IBOVESPA,114533.0,116763.0,112113.0,116037.0,116037.0,21637900
2022-11-01,IBOVESPA,116037.0,118261.0,115547.0,116929.0,116929.0,17969700
2022-11-03,IBOVESPA,116927.0,117373.0,114485.0,116896.0,116896.0,15634600
2022-11-04,IBOVESPA,116907.0,120039.0,116904.0,118155.0,118155.0,16209500
2022-11-07,IBOVESPA,118148.0,118240.0,115266.0,115342.0,115342.0,15221900
2022-11-08,IBOVESPA,115340.0,117072.0,114688.0,116160.0,116160.0,14239800
2022-11-09,IBOVESPA,116153.0,116183.0,113110.0,113580.0,113580.0,20531600
2022-11-10,IBOVESPA,113579.0,113579.0,108516.0,109775.0,109775.0,26029300
2022-11-11,IBOVESPA,109775.0,113010.0,109408.0,112253.0,112253.0,25038700
2022-11-14,IBOVESPA,112256.0,114322.0,111930.0,113161.0,113161.0,15080400
2022-11-16,IBOVESPA,113166.0,113473.0,109512.0,110243.0,110243.0,18351000
2022-11-17,IBOVESPA,110241.0,110242.0,107245.0,109703.0,109703.0,23119600
2022-11-18,IBOVESPA,109706.0,111585.0,108512.0,108880.0,108880.0,18769100
2022-11-21,IBOVESPA,108868.0,110235.0,107957.0,109748.0,109748.0,16651600
2022-11-22,IBOVESPA,109750.0,110224.0,107867.0,109037.0,109037.0,15056500
2022-11-23,IBOVESPA,109036.0,109285.0,107902.0,108683.0,108683.0,13198400
2022-11-24,IBOVESPA,108846.0,112612.0,108846.0,111831.0,111831.0,10296900
2022-11-25,IBOVESPA,111831.0,112025.0,108552.0,108977.0,108977.0,12309100
2022-11-28,IBOVESPA,108977.0,109476.0,108378.0,108782.0,108782.0,11492600
2022-11-29,IBOVESPA,108784.0,112187.0,108784.0,110910.0,110910.0,14721700
2022-11-30,IBOVESPA,110910.0,112486.0,110202.0,112486.0,112486.0,19703200
2022-12-01,IBOVESPA,112479.0,112479.0,110548.0,110926.0,110926.0,15193700
2022-12-02,IBOVESPA,110926.0,113761.0,109963.0,111924.0,111924.0,15982000
2022-12-05,IBOVESPA,111922.0,112150.0,109270.0,109401.0,109401.0,12308400
2022-12-06,IBOVESPA,109403.0,110663.0,109217.0,109533.0,109533.0,13437500
2022-12-07,IBOVESPA,110188.0,110247.0,108612.0,109361.0,109361.0,13825300
2022-12-08,IBOVESPA,109068.0,109286.0,106906.0,107245.0,107245.0,14921000
2022-12-09,IBOVESPA,107250.0,108566.0,107089.0,107689.0,107689.0,10676300
2022-12-12,IBOVESPA,107518.0,107561.0,103877.0,105264.0,105264.0,15481900
2022-12-13,IBOVESPA,105345.0,106689.0,103409.0,103892.0,103892.0,17702200
2022-12-14,IBOVESPA,103536.0,104516.0,101632.0,103803.0,103803.0,24923500
2022-12-15,IBOVESPA,103739.0,105483.0,103014.0,103738.0,103738.0,15568200
2022-12-16,IBOVESPA,103737.0,104018.0,102248.0,102825.0,102825.0,18255000
2022-12-19,IBOVESPA,102859.0,105107.0,102770.0,104530.0,104530.0,16773400
2022-12-20,IBOVESPA,104740.0,107792.0,104607.0,106979.0,106979.0,19125600
2022-12-21,IBOVESPA,106866.0,107991.0,106066.0,107313.0,107313.0,17634900
2022-12-22,IBOVESPA,107436.0,108383.0,106510.0,107317.0,107317.0,11494600
2022-12-23,IBOVESPA,107552.0,109994.0,107552.0,109698.0,109698.0,12847100
2022-12-26,IBOVESPA,109699.0,109755.0,108309.0,108738.0,108738.0,5219500
2022-12-27,IBOVESPA,108739.0,109353.0,107418.0,108347.0,108347.0,11158100
2022-12-28,IBOVESPA,108578.0,110536.0,108578.0,110237.0,110237.0,11193900
2022-12-29,IBOVESPA,110237.0,111178.0,109560.0,110031.0,110031.0,13389100
